"RANK","NAME","TEAM","POS","AGE","GP","MPG","USG%","TO%","FTA","FT%","2PA","2P%","3PA","3P%","eFG%","TS%","PPG","RPG","APG","SPG","BPG","TPG","P+R","P+A","P+R+A","VI","ORtg","DRtg"
"","Giannis Antetokounmpo","Mil","F","30.1","32","35","36.4","14.2","335","0.588","649","0.615","25","0.16","0.601","0.613","31.5","11.9","6.2","0.8","1.5","3.5","43.3","37.7","49.5","15.1","118.1","104.4"
"","Shai Gilgeous-Alexander","Okc","G","26.5","39","34.4","33.9","11.5","315","0.895","592","0.593","225","0.356","0.576","0.64","31.4","5.5","5.9","2","1.1","2.7","36.8","37.3","42.8","11.7","125.4","101.9"
"","Nikola Jokic","Den","C","29.9","34","36.9","30.8","13","220","0.8","559","0.578","154","0.474","0.607","0.643","30.6","13.2","9.9","1.8","0.6","3.1","43.8","40.5","53.6","17.2","130.5","106.5"
"","LaMelo Ball","Cha","G","23.4","25","34","38.3","13.6","138","0.833","284","0.514","330","0.339","0.511","0.551","29.7","5.4","7.4","1.4","0.2","3.9","35.2","37.1","42.6","12.5","111","106"
"","Paolo Banchero","Orl","F","22.2","7","33.7","33.5","13.7","80","0.675","84","0.56","42","0.405","0.575","0.617","28.4","8.4","5.3","0.7","0.9","2.9","36.9","33.7","42.1","12.8","120.7","104"
"","Luka Doncic","Dal","F-G","25.9","22","35.7","32.9","13.9","146","0.767","254","0.555","212","0.354","0.544","0.584","28.1","8.3","7.8","2","0.4","3.4","36.5","36","44.3","13.7","116","105.2"
"","Jayson Tatum","Bos","F-G","26.9","36","36.4","31.1","12.4","252","0.802","357","0.569","373","0.359","0.553","0.601","28.1","9.4","5.3","1.3","0.5","2.9","37.4","33.4","42.8","12.3","118.4","103.8"
"","Kevin Durant","Pho","F","36.3","29","36.3","30.4","14.9","188","0.835","380","0.584","164","0.384","0.582","0.63","27.2","6.4","4.2","0.8","1.3","3.3","33.7","31.5","37.9","9.9","114.3","115"
"","De'Aaron Fox","Sac","G","27.1","37","37.2","30.1","13.9","218","0.807","512","0.559","237","0.325","0.536","0.579","26.5","5.2","6.1","1.5","0.4","3.3","31.7","32.5","37.8","10.1","113.2","109.6"
"","Anthony Davis","Lal","F-C","31.9","35","34.9","29.9","11.3","284","0.782","547","0.556","81","0.321","0.546","0.603","25.9","11.9","3.5","1.3","2.1","2.3","37.8","29.4","41.3","11.8","120.3","108.9"
"","Tyrese Maxey","Phi","G","24.2","31","37.4","30.5","10.7","185","0.843","350","0.494","295","0.336","0.498","0.55","25.8","3.4","5.8","2.1","0.4","2.5","29.2","31.6","35","8.5","111.6","110.8"
"","Anthony Edwards","Min","G","23.4","39","36.5","30.5","13.8","172","0.831","404","0.463","386","0.422","0.546","0.581","25.8","5.7","4.2","1.3","0.5","3.3","31.5","30","35.7","9.3","109.6","107.9"
"","Jalen Brunson","Nyk","G","28.4","40","34.9","29.6","11.5","282","0.826","489","0.53","239","0.385","0.545","0.603","25.7","3","7.6","0.8","0.1","2.4","28.7","33.3","36.3","9.6","124.3","112.5"
"","Karl-Anthony Towns","Nyk","C-F","29.2","38","34.7","27.4","13.8","232","0.836","440","0.593","185","0.449","0.617","0.664","25.4","13.9","3.3","1","0.8","2.6","39.3","28.7","42.6","12.1","126.9","100.6"
"","Devin Booker","Pho","G","28.2","34","36.7","28.9","11.2","231","0.896","363","0.51","269","0.346","0.513","0.583","25.2","4","6.9","1.2","0.3","2.4","29.1","32","36","9.7","120.1","115.8"
"","Victor Wembanyama","San","F-C","21","33","33.2","31.3","15.6","136","0.868","322","0.602","303","0.353","0.567","0.604","25.1","10.7","3.8","1.1","3.9","3.5","35.8","28.8","39.5","12.1","109.6","104.6"
"","Damian Lillard","Mil","G","34.5","31","36.2","27.9","14.6","208","0.913","253","0.51","280","0.382","0.543","0.616","24.8","4.4","7.3","1.2","0.2","2.9","29.2","32.1","36.5","10.2","121.2","110.9"
"","Cam Thomas","Bro","G","23.3","19","32.3","31.9","13.1","129","0.876","193","0.503","144","0.375","0.528","0.596","24.7","3.6","3.4","0.7","0.1","2.7","28.3","28.1","31.7","8.3","112","115.8"
"","Cade Cunningham","Det","G","23.3","36","35.5","31.7","17.8","163","0.798","489","0.497","233","0.382","0.521","0.556","24.5","6.6","9.4","0.9","0.8","4.3","31.1","33.9","40.4","13","110.5","108.7"
"","Joel Embiid","Phi","C-F","30.8","13","29.4","35.6","15.7","112","0.92","170","0.488","49","0.327","0.489","0.591","24.4","7.9","3.8","0.8","1","3.2","32.3","28.2","36.2","12.3","114.5","107"
"","Franz Wagner","Orl","F","23.4","25","33.2","31.2","11.4","135","0.881","314","0.538","159","0.321","0.519","0.573","24.4","5.6","5.7","1.7","0.5","2.4","30","30.1","35.7","11.1","115.5","103.1"
"","Tyler Herro","Mia","G","25","38","35.3","27.1","11.6","159","0.862","297","0.552","370","0.403","0.581","0.619","24","5.7","5.1","0.7","0.1","2.3","29.7","29.1","34.8","10.1","118.3","110.7"
"","Zach LaVine","Chi","G","29.9","35","33.8","26.7","14.5","140","0.807","339","0.56","255","0.455","0.613","0.641","24","4.8","4.4","0.9","0.3","2.9","28.9","28.5","33.3","9.4","114.9","116.6"
"","Norman Powell","Lac","G","31.6","31","33.1","27.4","11","141","0.844","272","0.526","253","0.443","0.592","0.631","23.9","3.5","2.3","1.3","0.2","2.1","27.4","26.2","29.6","7","117.4","108.7"
"","Kyrie Irving","Dal","G","32.8","31","35.4","26.6","10.8","113","0.894","353","0.51","214","0.435","0.563","0.6","23.9","4.5","4.8","1.3","0.4","2.2","28.4","28.7","33.2","9.1","118.9","111.3"
"","Jaylen Brown","Bos","G-F","28.2","32","35.7","29.4","12.7","179","0.754","399","0.534","210","0.319","0.515","0.554","23.8","5.9","4.8","1.3","0.3","2.8","29.7","28.6","34.4","9.8","111.3","107.1"
"","LeBron James","Lal","F","40","34","34.8","29.6","17.4","147","0.762","415","0.564","192","0.391","0.571","0.599","23.7","7.6","8.8","0.8","0.6","3.8","31.3","32.5","40.1","13.4","115.2","113.8"
"","Trae Young","Atl","G","26.3","37","35.8","28.1","20","266","0.868","323","0.458","316","0.345","0.487","0.565","23.1","3.4","11.9","1.3","0.2","4.3","26.5","34.9","38.4","10.9","115","115.5"
"","Donovan Mitchell","Cle","G","28.4","37","31.4","29.8","10.2","138","0.826","331","0.495","338","0.408","0.555","0.587","23.1","4.5","4.5","1.5","0.2","2.1","27.6","27.6","32.1","9.9","115.6","108.1"
"","Jaren Jackson Jr.","Mem","F-C","25.3","38","29.3","29","12.2","221","0.778","435","0.566","193","0.347","0.552","0.596","22.8","6.4","2.1","1.5","1.7","2.3","29.1","24.8","31.2","9.2","114.4","101.3"
"","Stephen Curry","Gol","G","36.8","31","31.5","28.6","15.7","107","0.935","193","0.513","329","0.41","0.578","0.618","22.7","5.1","6.1","1.2","0.5","3.1","27.8","28.8","33.9","11.3","116.3","111.3"
"","RJ Barrett","Tor","F-G","24.6","32","33.7","29.7","15.5","186","0.699","400","0.518","177","0.328","0.51","0.545","22.4","6.6","5.8","0.8","0.4","3.3","29.1","28.3","34.9","11.3","106.4","114.6"
"","Brandon Ingram","Nor","F","27.4","18","33.1","30.2","17.1","55","0.855","218","0.514","115","0.374","0.53","0.56","22.2","5.6","5.2","0.9","0.6","3.8","27.8","27.4","32.9","10.4","103.3","114.8"
"","CJ McCollum","Nor","G","33.3","28","33.4","27.1","8","89","0.685","283","0.512","234","0.372","0.533","0.55","21.9","3.6","3.9","0.8","0.5","1.6","25.5","25.8","29.4","8.1","111.4","117.2"
"","Zion Williamson","Nor","F","24.5","9","29.6","34.1","17.8","80","0.638","138","0.5","10","0.2","0.486","0.532","21.7","7.6","5.3","1.3","1","3.6","29.2","27","34.6","12.9","105.5","111.1"
"","Trey Murphy III","Nor","F","24.6","25","34.4","23.8","9.1","104","0.923","180","0.567","221","0.357","0.55","0.601","21.5","4.8","2.8","1.2","0.7","1.6","26.2","24.3","29","7.7","119","116.4"
"","Jordan Poole","Was","G","25.6","31","31","29.2","18.7","146","0.856","221","0.471","275","0.404","0.545","0.594","21.5","2.8","4.8","1.5","0.5","3.7","24.3","26.3","29.1","8.5","106.9","114.6"
"","James Harden","Lac","G","35.4","36","33.8","30.2","22.9","252","0.881","276","0.442","296","0.348","0.483","0.567","21.5","5.9","7.9","1.4","0.7","4.7","27.5","29.5","35.4","11.8","107.6","106.6"
"","Ja Morant","Mem","G","25.4","23","28.3","32.7","19.6","149","0.819","262","0.5","116","0.31","0.489","0.555","21.4","4.3","7.3","1.2","0.3","4","25.7","28.7","33","12.4","109","108.4"
"","Brandon Miller","Cha","F","22.1","26","34.3","27.3","13","75","0.893","190","0.468","283","0.357","0.508","0.542","21.1","4.8","3.7","1","0.7","2.7","25.9","24.7","29.6","8.4","106.1","110.2"
"","DeMar DeRozan","Sac","G-F","35.4","35","35.6","24.4","8.3","186","0.86","489","0.507","87","0.322","0.503","0.562","21.1","3.7","3.9","1.3","0.4","1.5","24.9","25.1","28.8","7.6","115.9","112.3"
"","Jalen Green","Hou","G","22.9","38","33","26.6","12","155","0.871","349","0.499","304","0.345","0.508","0.553","21","4.4","2.6","1","0.3","2.3","25.4","23.6","28","7.5","110.2","107.7"
"","Darius Garland","Cle","G","25","38","30.3","27","13.8","126","0.905","314","0.561","262","0.424","0.595","0.633","21","2.5","6.7","1.1","0.2","2.4","23.5","27.8","30.2","9.3","124.1","109.8"
"","Jalen Williams","Okc","G-F","23.8","39","32.4","27.4","12.1","141","0.794","460","0.535","195","0.344","0.529","0.561","20.6","5.7","5.2","1.8","0.7","2.3","26.3","25.8","31.5","10.5","111.7","99.8"
"","Domantas Sabonis","Sac","F-C","28.7","37","36.1","21.7","17.6","154","0.773","411","0.628","89","0.472","0.642","0.67","20.6","14.1","6.3","0.7","0.5","2.9","34.7","26.9","41","13.6","129.7","103.4"
"","Scottie Barnes","Tor","F-G","23.5","27","34.7","26.7","17.2","118","0.729","312","0.551","140","0.286","0.513","0.546","20.4","8.1","6.4","1.5","0.9","3.5","28.5","26.7","34.9","11.7","106.7","114.2"
"","Nikola Vucevic","Chi","C","34.2","39","32.1","22.5","9.7","82","0.793","394","0.619","184","0.429","0.627","0.643","20.3","10.2","3.3","0.8","0.7","1.6","30.5","23.5","33.7","11","124.9","110.6"
"","Lauri Markkanen","Uta","F-C","27.7","31","31.7","24.3","8.6","154","0.883","198","0.51","260","0.365","0.532","0.592","20.1","6.1","1.9","0.8","0.3","1.4","26.2","22","28.1","7.8","121.7","116.7"
"","Pascal Siakam","Ind","F","30.8","41","33.1","23.1","8","144","0.75","426","0.57","181","0.414","0.586","0.611","20","7.3","3.3","0.9","0.3","1.3","27.3","23.2","30.6","9.5","122.2","110.5"
"","Jalen Johnson","Atl","F","23.1","32","36.4","22.4","16.4","113","0.752","362","0.577","133","0.331","0.556","0.583","19.8","10.2","5.3","1.5","1.1","3","30","25.1","35.3","11.2","111.4","110.9"
"","Jamal Murray","Den","G","27.9","33","35.9","23.5","12.3","122","0.852","343","0.484","189","0.381","0.515","0.557","19.8","3.9","6","1.5","0.6","2.3","23.7","25.8","29.7","8.6","112.6","112.8"
"","Cameron Johnson","Bro","F","28.9","33","32.5","22.1","11.2","126","0.897","179","0.598","250","0.428","0.624","0.669","19.6","4.2","3","0.8","0.5","1.6","23.8","22.6","26.8","7.7","125.9","115.6"
"","Julius Randle","Min","F-C","30.1","39","33","25.9","17.5","212","0.811","368","0.543","183","0.35","0.537","0.593","19.6","7.1","4.4","0.6","0.2","3","26.7","24","31.1","10.3","114.7","105.9"
"","De'Andre Hunter","Atl","F-G","27.1","27","27.8","24.6","10.1","131","0.855","185","0.514","171","0.433","0.579","0.633","19.4","4","1.5","0.9","0.1","1.5","23.4","20.9","24.9","7","119.9","111.3"
"","Alperen Sengun","Hou","C","22.5","38","31.5","26.7","14.3","191","0.723","536","0.521","56","0.214","0.502","0.541","19.3","10.5","5","1.3","0.9","2.6","29.7","24.3","34.8","12.8","114.3","99.4"
"","Evan Mobley","Cle","C","23.6","37","30.5","23.2","13.9","154","0.773","361","0.62","105","0.429","0.626","0.658","19","9","2.9","0.9","1.4","2","27.9","21.9","30.9","10.4","125.3","105.5"
"","Anfernee Simons","Por","G","25.6","36","32","24.9","13","93","0.914","268","0.496","294","0.364","0.522","0.557","18.7","2.7","5","0.9","0.1","2.3","21.4","23.6","26.3","7.9","111.9","118.7"
"","Michael Porter Jr.","Den","F","26.5","39","34","20.1","9","98","0.714","288","0.611","248","0.411","0.614","0.629","18.7","6.6","2.5","0.7","0.4","1.4","25.2","21.2","27.7","7.9","121.8","111.6"
"","Kristaps Porzingis","Bos","F-C","29.5","16","28.3","25.8","6.4","81","0.84","125","0.52","95","0.347","0.52","0.581","18.6","7.3","1.6","0.7","1.5","0.9","25.8","20.1","27.4","8.5","122","104.2"
"","Coby White","Chi","G","24.9","37","32.8","23.3","14","117","0.889","225","0.533","314","0.363","0.54","0.581","18.5","3.4","4.6","1.1","0.2","2.4","21.9","23.2","26.6","8.1","110.4","114.3"
"","Shaedon Sharpe","Por","G","21.6","31","31.9","24.1","10.8","103","0.796","273","0.557","196","0.311","0.519","0.553","18.4","3.7","2.7","0.9","0.3","1.8","22.1","21.1","24.8","7.1","109.9","118.2"
"","Dennis Schroder","Bro","G","31.3","23","33.6","23.9","15.3","81","0.889","175","0.509","150","0.387","0.542","0.588","18.4","3","6.6","1.1","0.2","2.6","21.4","25","28","8.5","115.1","113.7"
"","Collin Sexton","Uta","G","26","38","28.8","25.9","15.2","132","0.902","348","0.506","174","0.42","0.547","0.595","18.2","2.8","3.9","0.7","0.1","2.5","20.9","22.1","24.9","8.1","115.3","116.5"
"","Austin Reaves","Lal","G","26.6","32","34.8","23","15.3","130","0.815","213","0.516","234","0.359","0.528","0.573","18.1","4.3","5.9","1","0.1","2.5","22.4","24","28.3","8.9","113.3","114.1"
"","Tyrese Haliburton","Ind","G","24.9","40","34.6","21.5","11.6","134","0.858","233","0.562","322","0.36","0.55","0.59","18.1","3.6","8.8","1.3","0.6","1.8","21.7","27","30.5","9.6","125","117.1"
"","Miles Bridges","Cha","F","26.8","23","31.2","25.6","11.3","80","0.888","201","0.517","153","0.294","0.484","0.532","18","7.6","3.7","0.7","0.6","2","25.6","21.7","29.3","10.2","109.4","110.9"
"","John Collins","Uta","F-C","27.3","27","29.9","23.5","16.8","105","0.867","248","0.556","89","0.438","0.583","0.632","17.9","8.3","2.5","1.1","0.9","2.5","26.2","20.4","28.7","9.6","118","109.4"
"","Mikal Bridges","Nyk","G-F","28.4","41","38.8","18.9","9.1","49","0.714","329","0.62","279","0.344","0.572","0.581","17.8","3.2","3.1","1","0.5","1.5","21","21","24.1","5.8","115","115.8"
"","Jaden Ivey","Det","G","22.9","30","29.9","26.3","17.7","116","0.733","259","0.49","154","0.409","0.536","0.569","17.6","4.1","4","0.9","0.4","3","21.7","21.6","25.7","8.8","107.2","110.9"
"","Jimmy Butler","Mia","F","35.3","22","30.8","21.2","10.4","151","0.788","200","0.58","32","0.375","0.578","0.648","17.6","5.5","4.7","1.2","0.4","1.2","23.1","22.3","27.8","10","136.8","112.3"
"","Bradley Beal","Pho","G","31.6","29","32.9","22.9","12.1","68","0.75","252","0.548","156","0.385","0.559","0.579","17.5","3.6","3.3","1.1","0.7","1.9","21.1","20.8","24.3","7.2","109.3","113.2"
"","Malik Monk","Sac","G","26.9","32","31.2","23.7","12.1","91","0.89","224","0.531","227","0.339","0.52","0.56","17.2","3.8","5.4","1","0.5","1.9","20.9","22.6","26.3","9.1","113.6","109.6"
"","Desmond Bane","Mem","G","26.6","31","29.2","23","16.8","82","0.854","225","0.573","182","0.368","0.564","0.597","17.1","5.7","5","1.3","0.5","2.6","22.8","22.1","27.8","10.8","114.2","104.6"
"","Paul George","Phi","F","34.7","26","32.3","25.1","15.4","69","0.812","205","0.478","175","0.354","0.503","0.534","16.8","6","4.7","1.8","0.4","2.7","22.8","21.5","27.5","9.7","104.1","106.2"
"","Jonathan Kuminga","Gol","F","22.3","32","26","27.6","10.6","169","0.639","307","0.502","116","0.345","0.506","0.539","16.8","5","2.2","0.9","0.6","1.6","21.7","18.9","23.9","8.8","107.8","107.8"
"","Dejounte Murray","Nor","G","28.3","24","33.4","26.7","18.8","79","0.81","248","0.435","135","0.296","0.439","0.479","16.7","6.5","7.6","2.3","0.5","3.7","23.2","24.3","30.8","11.2","97.4","112.5"
"","Bennedict Mathurin","Ind","G-F","22.6","41","32.8","21.7","14","169","0.817","341","0.513","173","0.364","0.524","0.575","16.5","6","2","0.6","0.4","2","22.5","18.5","24.5","7.1","108","111.5"
"","Malik Beasley","Det","G","28.1","40","28.3","23.2","7.3","66","0.697","168","0.476","374","0.404","0.565","0.577","16.5","3","1.9","0.9","0.1","1.1","19.5","18.4","21.4","6.4","113.8","113.7"
"","Andrew Wiggins","Gol","F","29.9","33","29.2","22.4","8.8","113","0.788","246","0.496","179","0.397","0.538","0.575","16.5","4.3","2.3","0.9","0.8","1.2","20.9","18.8","23.2","7.5","116.3","110.7"
"","Chet Holmgren","Okc","C-F","22.7","10","26.5","25.1","17.1","49","0.776","74","0.568","37","0.378","0.568","0.619","16.4","8.7","2","0.8","2.6","2.3","25.1","18.4","27.1","9.9","113.4","97.8"
"","Jalen Suggs","Orl","G","23.6","34","29","27.3","17.3","107","0.907","236","0.508","237","0.312","0.488","0.537","16.4","4.1","3.7","1.5","1","2.9","20.5","20.1","24.2","8.7","101.2","101.1"
"","Derrick White","Bos","G","30.5","37","34","19.5","11.6","78","0.833","142","0.592","330","0.379","0.575","0.6","16.4","4.4","4.3","1","1.3","1.7","20.8","20.8","25.2","8","121.2","108.8"
"","Gradey Dick","Tor","G-F","21.2","34","30.7","22.8","11.1","106","0.896","231","0.463","232","0.353","0.497","0.545","16.3","3.4","2.1","0.9","0.2","1.7","19.8","18.4","21.8","6.4","106.8","116.8"
"","Immanuel Quickley","Tor","G","25.6","9","28.5","25.7","11.2","32","0.938","69","0.406","58","0.345","0.457","0.517","16.2","2.2","6.1","0.7","0.1","1.8","18.4","22.3","24.6","8.4","111.8","119"
"","Bam Adebayo","Mia","C-F","27.5","37","34.1","22.6","13.3","155","0.716","408","0.495","94","0.287","0.483","0.523","16.1","9.8","4.6","1.5","0.8","2.1","25.9","20.7","30.5","10.5","110","105.2"
"","O.G. Anunoby","Nyk","F-G","27.5","41","36.4","18.3","9.9","94","0.787","291","0.581","236","0.343","0.551","0.576","16","4.7","1.9","1.4","0.9","1.4","20.6","17.9","22.5","5.7","113.4","110.6"
"","Jordan Clarkson","Uta","G","32.6","22","25.6","28.5","16.1","90","0.811","167","0.467","120","0.342","0.486","0.539","16","3.4","3.8","0.9","0.3","2.5","19.4","19.8","23.2","9.2","106.6","116.6"
"","Devin Vassell","San","G-F","24.4","23","29.2","23.9","10.8","47","0.787","177","0.492","138","0.355","0.51","0.533","15.6","3.8","3.1","1.2","0.4","1.7","19.4","18.7","22.5","7.8","105.3","111.3"
"","Keyonte George","Uta","G","21.2","28","31.5","24.1","19.9","84","0.798","161","0.453","214","0.35","0.495","0.532","15.6","3.4","5.7","0.8","0.2","3.3","19","21.4","24.7","8.5","103.6","117.9"
"","Jared McCain","Phi","G","20.9","23","25.7","25","11.9","56","0.875","141","0.532","133","0.383","0.553","0.589","15.3","2.4","2.6","0.7","0","1.6","17.7","17.9","20.3","7.1","113.3","112.9"
"","Ivica Zubac","Lac","C","27.8","38","32.1","18.8","14.1","112","0.536","415","0.619","0","0","0.619","0.618","15.1","12.7","2.5","0.6","1.2","1.8","27.8","17.6","30.3","9.8","121.8","104.6"
"","Myles Turner","Ind","C-F","28.8","38","31.1","20.3","15.3","115","0.73","239","0.569","187","0.385","0.573","0.6","15.1","7.1","1.5","0.8","2","2","22.1","16.6","23.6","7","108.3","108.9"
"","Fred VanVleet","Hou","G","30.9","36","35.7","18.6","10.1","90","0.822","213","0.465","274","0.325","0.477","0.512","15","4.1","6","1.6","0.5","1.5","19.1","21","25.1","8","115.9","105.6"
"","Jerami Grant","Por","F","30.8","29","32.7","20","10","100","0.82","183","0.383","186","0.382","0.478","0.527","15","3.6","2.3","0.9","1","1.4","18.6","17.3","20.9","6.1","108.5","116.8"
"","Jakob Poeltl","Tor","C","29.3","35","32.1","18.4","16.2","108","0.639","370","0.608","2","0","0.605","0.619","14.8","10.6","2.7","1.2","1.2","2.1","25.4","17.5","28.1","9.4","118.4","108.5"
"","Payton Pritchard","Bos","G","27","39","27.8","19.5","8.6","50","0.84","104","0.615","322","0.413","0.619","0.635","14.6","3.6","3.3","0.9","0.1","1","18.2","17.9","21.5","8","130.3","109.4"
"","Kyle Kuzma","Was","F","29.5","21","27","26.7","14.1","55","0.564","196","0.515","95","0.253","0.471","0.484","14.5","5.2","2.3","0.7","0.2","2.3","19.7","16.8","22","8.3","90.5","117.5"
"","Josh Hart","Nyk","G","29.9","40","37.5","14.7","16.7","109","0.817","242","0.678","138","0.377","0.637","0.669","14.3","9.4","5.5","1.4","0.4","1.9","23.7","19.8","29.2","9.6","132.8","107.4"
"","Tre Mann","Cha","G","23.9","13","24.5","25.8","13.4","21","0.905","101","0.455","60","0.4","0.509","0.537","14.1","2.9","3","0.5","0.3","1.9","17","17.1","20","8.1","106.4","112.4"
"","Jarrett Allen","Cle","C","26.7","39","29.1","15.9","10.9","140","0.736","317","0.707","1","0","0.704","0.726","14.1","10.2","2","1","0.9","1","24.3","16.1","26.3","9.1","144.4","106.6"
"","Deni Avdija","Por","F","24","38","28","21.5","18.9","148","0.784","231","0.528","160","0.356","0.531","0.582","14","6.3","3.3","1","0.6","2.4","20.3","17.2","23.6","9.5","110.9","112.5"
"","Klay Thompson","Dal","G","34.9","35","27.6","21.5","10","37","0.919","148","0.466","276","0.384","0.538","0.556","14","3.4","1.9","0.9","0.4","1.3","17.4","15.9","19.4","6.5","108.4","113.1"
"","Malcolm Brogdon","Was","G","32.1","18","24.9","23.8","13.8","70","0.886","146","0.486","48","0.313","0.482","0.554","13.8","4.1","3.9","0.6","0.3","1.7","17.9","17.8","21.8","9.7","112.6","119.7"
"","Deandre Ayton","Por","C","26.5","29","29.8","18.8","13.8","31","0.613","296","0.598","28","0.214","0.574","0.579","13.5","10","1.4","0.8","1","1.8","23.5","14.9","25","7.7","110.5","111.3"
"","Bobby Portis","Mil","F","29.9","37","25","23.9","9.1","47","0.787","308","0.51","132","0.371","0.524","0.541","13.5","8","2","0.8","0.5","1.2","21.4","15.5","23.5","9.6","109.6","104.7"
"","Christian Braun","Den","G","23.7","38","33","14.8","10.1","98","0.806","259","0.629","98","0.357","0.604","0.637","13.4","4.7","2","1.1","0.6","1.1","18.1","15.4","20.1","6.1","124.6","110.5"
"","Jeremy Sochan","San","F","21.7","22","29.1","19.3","15.1","70","0.729","179","0.587","40","0.275","0.555","0.588","13.4","8","2.6","0.9","0.6","1.8","21.4","16","24","9","115.8","106.1"
"","Aaron Gordon","Den","F","29.3","19","27.6","18.1","12.3","69","0.768","116","0.569","55","0.418","0.588","0.631","13.4","5.6","2.8","0.5","0.3","1.3","18.9","16.2","21.8","8.6","126.6","111.6"
"","Kelly Oubre Jr.","Phi","F-G","29.1","35","32.9","18.3","10","95","0.737","244","0.557","150","0.273","0.501","0.534","13.3","5.7","1.6","1.5","0.5","1.3","19","14.9","20.6","6","108.3","107.3"
"","Tobias Harris","Det","F","32.5","38","32","17.6","9.5","86","0.872","264","0.504","156","0.353","0.513","0.553","13.3","6.4","2.5","0.8","0.8","1.2","19.8","15.8","22.3","7.5","114.1","110.7"
"","Dillon Brooks","Hou","G-F","29","35","32","17.3","7.6","58","0.845","197","0.442","214","0.374","0.504","0.53","13.2","3.9","1.6","0.8","0.3","1","17.2","14.9","18.8","5.4","113.5","103.1"
"","Russell Westbrook","Den","G","36.2","39","27.4","23","21.3","132","0.636","273","0.531","141","0.319","0.513","0.539","13.1","5.1","6.7","1.6","0.6","2.9","18.2","19.7","24.8","11.2","108.2","105.5"
"","Mark Williams","Cha","C","23.1","14","20.7","22.2","12.9","49","0.776","113","0.637","1","0","0.632","0.671","13","8.3","2.1","0.5","0.9","1.2","21.3","15.1","23.4","11.8","132.3","102.7"
"","P.J. Washington","Dal","F","26.4","33","32.2","18.2","13","91","0.758","225","0.458","136","0.375","0.497","0.534","13","7.6","2.1","1.3","1","1.6","20.6","15.1","22.7","7.4","106.6","107.6"
"","Naz Reid","Min","C-F","25.4","39","24.9","21.6","11.2","77","0.779","204","0.559","192","0.375","0.561","0.586","12.9","5.1","1.7","0.8","0.8","1.3","18","14.6","19.7","7.7","112.8","102.1"
"","Moritz Wagner","Orl","F-C","27.7","30","18.8","26.7","16.4","110","0.718","174","0.649","75","0.36","0.616","0.649","12.9","4.9","1.4","0.8","0.4","1.6","17.8","14.3","19.2","9.5","117.1","99.2"
"","D'Angelo Russell","Bro","G","28.9","4","22.2","26.4","16.9","14","0.929","21","0.476","18","0.333","0.487","0.565","12.8","2.3","8.3","2.3","0.5","2","15","21","23.3","11.3","122.6","108"
"","Dyson Daniels","Atl","G","21.8","35","33.4","17.5","12.4","46","0.587","290","0.51","132","0.318","0.5","0.508","12.8","4.9","3.6","3.1","0.8","1.7","17.7","16.4","21.3","7.3","104.2","109.5"
"","Santi Aldama","Mem","F-C","24","34","25.1","18.5","10.7","50","0.72","184","0.592","151","0.391","0.59","0.604","12.7","7","2.8","0.9","0.5","1.2","19.7","15.5","22.5","10","122.2","108.2"
"","Amen Thompson","Hou","G-F","22","36","29.1","17.2","17.6","132","0.697","266","0.613","48","0.25","0.576","0.61","12.6","7.7","2.4","1.2","1.1","1.9","20.3","15","22.8","8.5","118.8","102.3"
"","Ayo Dosunmu","Chi","G","25","30","30.8","16.4","11.8","54","0.796","175","0.611","125","0.32","0.557","0.582","12.6","3.9","4.8","0.8","0.5","1.3","16.5","17.4","21.3","8","119.2","114.2"
"","Khris Middleton","Mil","F","33.4","15","23.6","23.8","16.7","31","0.839","88","0.523","61","0.377","0.54","0.575","12.5","4.1","4.8","0.9","0.1","2","16.5","17.3","21.3","10.6","111.9","103.4"
"","Bilal Coulibaly","Was","G","20.5","34","33.3","17.5","16.4","102","0.775","233","0.489","128","0.297","0.474","0.519","12.4","5.2","3.5","1.4","0.8","2.1","17.6","15.9","21","7.3","103.1","117.5"
"","Keldon Johnson","San","F-G","25.3","35","24.5","21.2","7.6","96","0.76","220","0.564","134","0.284","0.511","0.549","12.4","5.1","1.5","0.7","0.3","0.8","17.6","14","19.1","7.4","112.9","109.6"
"","D'Angelo Russell","Lal","G","28.9","29","26.3","22.1","13.8","53","0.849","143","0.51","168","0.333","0.505","0.537","12.4","2.8","4.7","0.8","0.1","1.7","15.1","17","19.8","8.3","108.3","113.2"
"","Buddy Hield","Gol","G","32.1","39","23.5","21.8","10.3","30","0.9","128","0.508","288","0.375","0.546","0.56","12.3","3.4","1.6","0.8","0.3","1.2","15.7","13.9","17.3","6.9","106.7","107.7"
"","Brook Lopez","Mil","C","36.8","38","31.8","15.5","9.8","51","0.745","167","0.623","200","0.37","0.586","0.601","12.3","4.7","1.6","0.8","1.8","1.1","17.1","13.9","18.7","5.7","115.8","109.4"
"","Terry Rozier","Mia","G","30.8","34","28.9","20.4","12.9","63","0.905","193","0.503","179","0.291","0.47","0.509","12","4.1","2.8","0.6","0.4","1.6","16.1","14.8","18.9","7.1","101.3","110.6"
"","Keegan Murray","Sac","F","24.4","37","35.6","14.8","7.3","41","0.854","192","0.526","213","0.319","0.501","0.521","11.9","7.2","1.4","0.7","0.8","0.9","19.1","13.3","20.5","5.5","110.7","109.4"
"","Jabari Smith Jr.","Hou","F","21.7","33","30.9","15.2","9","75","0.867","155","0.516","158","0.354","0.524","0.568","11.9","6.5","1","0.4","1","0.9","18.5","12.9","19.5","5.5","119.1","105.2"
"","Scoot Henderson","Por","G","20.9","32","26.1","22.2","22","103","0.757","194","0.464","117","0.342","0.482","0.53","11.8","2.9","5","1.1","0.3","2.8","14.7","16.8","19.7","8.5","103.8","112.8"
"","Josh Giddey","Chi","G","22.3","36","27.9","20.8","20.8","78","0.744","234","0.5","136","0.324","0.495","0.524","11.8","7.4","6.9","1.1","0.5","2.7","19.1","18.6","26","12.1","109.1","112.9"
"","Rui Hachimura","Lal","F","26.9","32","32.3","14.9","9.9","61","0.787","176","0.523","115","0.426","0.569","0.596","11.8","5.1","1.5","0.9","0.6","1","16.9","13.4","18.4","5.6","118.5","114"
"","Jrue Holiday","Bos","G","34.6","33","30.7","16.3","12.5","53","0.887","140","0.586","175","0.343","0.546","0.578","11.8","4.2","4","1","0.5","1.4","16.1","15.8","20.1","7.6","121","109.9"
"","Isaiah Hartenstein","Okc","C-F","26.7","24","29.8","17.3","18.4","62","0.677","202","0.589","11","0","0.559","0.583","11.7","12.2","4.1","0.9","1.3","2","23.8","15.8","28","11.2","118.2","92.9"
"","Jaylen Wells","Mem","F","21.4","40","26","17.4","10.6","75","0.813","178","0.506","201","0.378","0.538","0.569","11.7","3.4","1.7","0.6","0.1","1.1","15.1","13.4","16.8","6.3","114.1","110.2"
"","Alexandre Sarr","Was","C","19.7","34","27.1","20.5","12.4","78","0.641","213","0.465","154","0.325","0.474","0.496","11.7","6.6","2.3","0.6","1.6","1.5","18.3","14","20.5","8.3","101.6","113.5"
"","Julian Champagnie","San","F","23.5","38","27.1","17.5","9.7","47","0.894","96","0.573","266","0.368","0.558","0.583","11.7","4.5","1.2","0.7","0.5","1","16.2","13","17.5","5.9","110.9","110.6"
"","Tyus Jones","Pho","G","28.7","38","30.1","16","12.3","30","0.833","160","0.544","190","0.421","0.591","0.604","11.6","2.5","6","0.9","0.1","1.3","14.1","17.6","20.1","7.4","125.6","119.3"
"","Jonas Valanciunas","Was","C","32.7","38","19.8","24.1","18.6","78","0.91","305","0.584","23","0.217","0.566","0.61","11.6","8.1","2.2","0.5","0.7","2","19.7","13.9","22","11.9","113.9","109.9"
"","Corey Kispert","Was","F","25.9","33","26.7","17","10","45","0.867","119","0.58","187","0.353","0.549","0.576","11.4","3","1.6","0.5","0.2","1","14.3","13","16","5.7","110.6","120.6"
"","Tari Eason","Hou","F","23.7","24","22.8","19.8","8.3","49","0.755","148","0.554","73","0.315","0.527","0.557","11.3","6.3","1","1.9","1","0.8","17.5","12.3","18.6","7.3","118","96.2"
"","Daniel Gafford","Dal","F-C","26.3","38","19.7","19.7","14","120","0.675","252","0.694","0","0","0.694","0.707","11.3","5.8","1.1","0.4","1.4","1.1","17.2","12.5","18.3","8.5","134.4","102"
"","Onyeka Okongwu","Atl","F-C","24.1","32","23.7","17.1","8.1","78","0.769","212","0.623","50","0.22","0.567","0.602","11.2","7.2","1.6","0.7","0.8","0.7","18.4","12.8","20","8.5","127.4","108.8"
"","Harrison Barnes","San","F","32.6","38","27.9","14.6","7.3","105","0.819","155","0.548","137","0.409","0.579","0.627","11.2","3.7","1.6","0.3","0.2","0.6","14.9","12.7","16.5","5.8","129.2","115.6"
"","Naji Marshall","Dal","F","27","31","24","19.1","13.5","51","0.882","186","0.602","83","0.301","0.556","0.59","11.1","3.4","2.3","0.9","0.1","1.4","14.5","13.4","16.8","7.4","114.9","111.3"
"","Caris LeVert","Cle","G","30.4","33","24.2","18.5","13.9","78","0.705","132","0.523","134","0.433","0.586","0.611","11.1","2.9","3.8","0.9","0.5","1.3","14","14.9","17.8","8.2","122.3","110.6"
"","Bogdan Bogdanovic","Atl","G","32.4","18","25.6","18.7","14.3","23","0.913","58","0.534","115","0.339","0.517","0.546","11.1","2.7","2.4","0.9","0.2","1.6","13.8","13.5","16.2","6.5","104","110.9"
"","Tosan Evbuomwan","Bro","F","23.9","6","23.1","18.4","16.2","20","0.6","25","0.72","16","0.375","0.659","0.663","11","4.2","1","0.3","0.5","1.3","15.2","12","16.2","6.2","116.6","111.7"
"","Stephon Castle","San","G","20.2","37","24.9","22.8","15","113","0.699","236","0.475","138","0.254","0.44","0.481","11","2.4","3.6","0.8","0.3","1.8","13.5","14.6","17.1","7.3","99.2","111.1"
"","Grayson Allen","Pho","G","29.3","30","23.9","17.8","11.7","58","0.845","60","0.517","173","0.416","0.597","0.632","10.9","3.1","1.8","0.9","0.3","1","14","12.7","15.8","6.6","119.4","114.6"
"","Tim Hardaway Jr.","Det","G-F","32.8","36","28.1","15.1","7.3","65","0.831","103","0.524","202","0.381","0.556","0.589","10.9","2","1.6","0.4","0","0.7","12.9","12.5","14.5","4.7","118.7","116.1"
"","Walker Kessler","Uta","C","23.5","31","29.7","12.9","18.3","82","0.561","197","0.721","4","0.5","0.721","0.709","10.8","11.4","1.5","0.5","2.5","1.5","22.3","12.4","23.8","7.7","133.1","111.8"
"","Ochai Agbaji","Tor","G","24.7","38","29.3","13.8","8.5","28","0.679","173","0.601","151","0.404","0.603","0.61","10.8","3.8","1.7","0.8","0.6","0.8","14.6","12.5","16.3","5.6","119.7","116.7"
"","Brandon Boston Jr.","Nor","G","23.1","38","24","19.7","12.3","79","0.81","215","0.488","128","0.344","0.499","0.537","10.7","3.2","2.3","1.2","0.2","1.3","13.9","13","16.3","7.1","107.9","115.1"
"","Andrew Nembhard","Ind","G-F","25","26","27.8","17.8","17","62","0.774","162","0.512","62","0.339","0.511","0.551","10.7","3.3","5","1","0.1","1.8","14","15.7","19","8.1","111.3","113.2"
"","Chris Boucher","Tor","F","32","35","17.6","22","7.5","70","0.786","133","0.632","137","0.365","0.589","0.62","10.7","4.3","0.7","0.6","0.6","0.6","15","11.4","15.7","7.2","122.7","113.7"
"","Duncan Robinson","Mia","F","30.7","36","23","20","9.9","25","0.88","94","0.511","235","0.374","0.547","0.562","10.6","2.3","2.6","0.5","0.1","1","12.9","13.3","15.6","6.9","110.6","107.8"
"","Donte DiVincenzo","Min","G","28","39","26.1","19.1","16.5","44","0.841","88","0.477","267","0.363","0.528","0.55","10.6","3.6","3.5","1.2","0.2","1.8","14.2","14","17.6","7.8","107","107.4"
"","Zaccharie Risacher","Atl","F","19.8","39","23.7","20.4","10.9","80","0.713","223","0.489","160","0.281","0.461","0.49","10.5","3.5","1.2","0.8","0.5","1.2","14","11.7","15.2","6","98.9","111.6"
"","Jordan Hawkins","Nor","G","22.7","25","22.8","21.9","8","47","0.851","104","0.394","149","0.315","0.441","0.48","10.5","2.5","1","0.4","0.5","0.9","13","11.5","14","5.2","97.8","121.7"
"","Scotty Pippen Jr.","Mem","G","24.2","40","22.1","19.9","19.6","85","0.694","206","0.529","121","0.38","0.544","0.569","10.4","3.4","4.7","1.2","0.4","2","13.8","15.1","18.5","10","112.7","102.7"
"","Grant Williams","Cha","F","26.1","16","29.9","14.7","18.5","37","0.838","49","0.551","74","0.365","0.549","0.596","10.4","5.1","2.3","1.1","0.8","1.8","15.5","12.7","17.8","6.6","112.7","107.4"
"","Amir Coffey","Lac","G-F","27.6","37","25.1","15.6","8.1","62","0.871","142","0.507","143","0.434","0.579","0.615","10.4","2.5","1.1","0.6","0.1","0.7","12.9","11.5","14.1","4.9","121.4","109.8"
"","Dorian Finney-Smith","Bro","F","31.7","20","29","14.2","10.2","24","0.625","51","0.51","108","0.435","0.607","0.613","10.4","4.6","1.6","0.9","0.6","0.9","15","12","16.5","5.9","119.8","110.9"
"","T.J. McConnell","Ind","G","32.8","40","19.3","24.2","15.1","46","0.739","323","0.557","25","0.28","0.547","0.563","10.4","2.5","4.5","1.2","0.3","1.6","12.9","14.9","17.4","10.1","112.8","113"
"","Herbert Jones","Nor","F","26.3","20","32.4","14.6","16.9","40","0.825","100","0.53","72","0.306","0.5","0.541","10.3","3.9","3.3","1.9","0.5","1.8","14.2","13.5","17.4","6.3","107","112"
"","Obi Toppin","Ind","F","26.9","38","19.6","19","8.6","52","0.827","149","0.711","128","0.352","0.626","0.65","10.3","4","1.7","0.8","0.4","0.7","14.3","11.9","15.9","8.4","125.8","110.3"
"","Quentin Grimes","Dal","G","24.7","38","22.7","18.4","14","68","0.765","130","0.538","165","0.4","0.573","0.6","10.3","4.1","2.1","0.7","0.2","1.3","14.3","12.4","16.4","7.9","115.5","109"
"","De'Anthony Melton","Gol","G","26.6","6","20.2","23.4","15.6","8","0.5","19","0.474","35","0.371","0.528","0.53","10.2","3.3","2.8","1.2","0.3","1.7","13.5","13","16.3","9","103.5","98.6"
"","Royce O'Neale","Pho","F","31.6","33","25.9","16.3","11.8","22","0.773","82","0.476","187","0.428","0.591","0.601","10.2","5.5","2.3","1","0.6","1.1","15.6","12.4","17.9","7.8","115.7","109.2"
"","Dennis Schroder","Gol","G","31.3","14","28.1","20.4","16.1","27","0.778","81","0.407","70","0.257","0.397","0.433","10.1","2.2","4.6","0.7","0.1","2.1","12.3","14.7","16.9","6.7","93.6","108.7"
"","Jose Alvarado","Nor","G","26.8","18","22.5","19","12.2","24","0.833","55","0.382","96","0.417","0.536","0.563","10.1","1.9","3.9","1.6","0.2","1.2","12.1","14.1","16","7.5","117.7","112.6"
"","Ty Jerome","Cle","G-F","27.5","36","17.6","22.4","13.1","58","0.897","151","0.563","114","0.412","0.587","0.625","10.1","2.2","3.4","1.2","0","1.1","12.3","13.5","15.7","9.6","126.2","106.1"
"","Guerschon Yabusele","Phi","F","29.1","38","25.5","16","14.7","73","0.685","127","0.63","145","0.4","0.614","0.631","10.1","5.4","1.8","0.7","0.4","1.2","15.5","11.9","17.3","7.2","121.7","106.7"
"","Rudy Gobert","Min","C","32.6","39","33.4","11.9","18.4","127","0.661","244","0.635","0","0","0.635","0.657","10.1","10.5","1.7","0.6","1.5","1.4","20.6","11.8","22.4","6.8","129.3","103.9"
"","Nic Claxton","Bro","C","25.7","33","26.4","16.9","13.1","82","0.537","247","0.571","12","0.083","0.55","0.557","10","7.6","2.1","0.9","1.2","1.2","17.5","12","19.6","8.2","113","108.6"
"","Zach Edey","Mem","C","22.7","26","21.3","17.8","18.7","54","0.63","154","0.617","28","0.393","0.613","0.625","9.9","7.5","0.9","0.7","1.1","1.6","17.4","10.8","18.3","7.6","117","98.9"
"","Jaden McDaniels","Min","F","24.3","39","30","15.1","10.9","44","0.773","196","0.531","147","0.327","0.513","0.533","9.9","4.8","1.5","1.4","0.8","1.1","14.7","11.4","16.2","5.5","107.8","103.5"
"","Toumani Camara","Por","F","24.7","38","31.5","14.1","14.5","52","0.769","157","0.51","168","0.345","0.514","0.538","9.8","5.6","2","1.4","0.5","1.4","15.4","11.8","17.4","6.1","109.9","112.9"
"","Cam Whitmore","Hou","F","20.5","20","15.1","26.6","7.1","31","0.742","91","0.538","78","0.321","0.512","0.537","9.8","2.6","0.5","0.6","0.2","0.7","12.4","10.3","12.9","6.2","110","107.1"
"","Nikola Jovic","Mia","F","21.6","29","22.3","18.6","10.6","64","0.828","106","0.519","113","0.354","0.525","0.573","9.8","3.9","2.3","0.9","0.3","0.9","13.7","12","16","8","116.1","107.4"
"","Brice Sensabaugh","Uta","F","21.2","29","17.8","21.6","16.6","29","0.931","83","0.566","127","0.417","0.602","0.628","9.7","2.7","1.3","0.6","0.1","1.4","12.4","11","13.7","7.3","112.4","114.3"
"","Ziaire Williams","Bro","F","23.3","28","22.7","19.3","12","66","0.818","114","0.491","105","0.333","0.495","0.546","9.7","4.7","1.4","1","0.4","1.1","14.4","11.1","15.8","7","108.7","105.6"
"","Luguentz Dort","Okc","G","25.7","38","29.4","13.7","7.9","37","0.811","105","0.41","208","0.404","0.54","0.559","9.7","4.4","1.6","1.1","0.7","0.7","14.1","11.3","15.7","5.6","116.2","99.6"
"","Derrick Jones Jr.","Lac","F","27.9","36","24.1","16.3","10.7","43","0.814","175","0.594","101","0.347","0.567","0.59","9.7","3.2","0.9","1.3","0.3","0.9","12.9","10.6","13.8","5","113.9","105.5"
"","Chris Paul","San","G","39.7","38","29.1","14.8","17.6","58","0.983","112","0.509","182","0.363","0.531","0.577","9.7","4.3","8.4","1.4","0.2","1.7","14","18.1","22.3","9.7","126.9","108.7"
"","Dalton Knecht","Lal","F","23.7","37","21.7","17.7","6.6","45","0.8","114","0.632","170","0.347","0.565","0.588","9.6","3.3","1","0.4","0.1","0.5","12.9","10.6","13.9","5.8","116.3","114"
"","Noah Clowney","Bro","F-C","20.5","30","22.2","18.9","10.6","48","0.854","74","0.459","162","0.37","0.525","0.562","9.6","3.9","0.9","0.5","0.4","0.9","13.6","10.6","14.5","5.8","108.8","107.8"
"","Aaron Wiggins","Okc","G","26","39","20.4","18.4","9.5","33","0.848","158","0.576","138","0.399","0.586","0.604","9.6","3.4","1.5","0.8","0.3","0.8","13","11.1","14.4","7.2","118.4","104.1"
"","Kevin Porter Jr.","Lac","G-F","24.7","34","19.7","26.8","18.3","67","0.627","230","0.483","86","0.244","0.451","0.473","9.6","3.4","3.3","1","0.3","2.1","13.1","12.9","16.3","9.7","93.9","104"
"","Goga Bitadze","Orl","C-F","25.5","36","24.6","15.7","17.8","75","0.68","217","0.664","19","0.105","0.623","0.641","9.6","8.2","2.4","0.9","1.6","1.4","17.8","12","20.2","9.3","124.3","98.6"
"","Gary Trent Jr.","Mil","G","26","34","24.5","15.4","7.8","32","0.906","92","0.457","167","0.425","0.573","0.597","9.6","2.3","0.9","1.1","0.1","0.6","11.9","10.5","12.7","4.4","112.6","107.4"
"","Spencer Dinwiddie","Dal","G","31.8","38","23.9","17.5","12.7","114","0.86","138","0.457","143","0.329","0.475","0.551","9.6","2.3","3.7","0.8","0.2","1.1","11.9","13.3","15.6","7.3","117.6","111.8"
"","Jaime Jaquez Jr.","Mia","G","23.9","34","23.6","20.2","17.4","91","0.714","199","0.492","72","0.292","0.478","0.521","9.5","4.8","2.7","1.3","0.1","1.7","14.3","12.3","17","8.4","104.2","106"
"","Jalen Duren","Det","C","21.2","37","25","14.9","24.3","99","0.626","211","0.687","0","0","0.687","0.691","9.5","9.4","2.4","0.6","1.2","1.8","18.9","11.9","21.2","9.6","125.9","100.4"
"","Larry Nance Jr.","Atl","F-C","32","15","19.4","15.2","10.4","8","0.875","44","0.659","50","0.52","0.723","0.733","9.5","4.3","1.6","1.1","0.7","0.7","13.8","11.1","15.4","8.3","135.6","109.3"
"","Patrick Williams","Chi","F","23.4","30","27","16.5","14.6","43","0.837","116","0.397","141","0.362","0.477","0.509","9.4","4","2.3","0.9","0.6","1.5","13.4","11.7","15.7","6.6","99.4","115.3"
"","Clint Capela","Atl","C","30.7","39","22.9","16.1","11.4","71","0.521","286","0.577","0","0","0.577","0.578","9.4","8.9","1.3","0.6","1","0.9","18.3","10.7","19.6","8.3","119.5","107.6"
"","Julian Strawther","Den","G","22.7","39","21.7","17.1","9.7","57","0.86","135","0.533","152","0.368","0.544","0.578","9.3","2.2","1.4","0.7","0.3","0.8","11.5","10.6","12.8","5.6","112.4","106.8"
"","Miles McBride","Nyk","G","24.4","31","24","16.7","9.3","36","0.806","100","0.46","144","0.389","0.533","0.556","9.3","2.6","3","0.8","0.2","0.8","11.9","12.3","14.9","7","119.6","112"
"","Aaron Nesmith","Ind","G-F","25.3","6","22.7","14.9","12.1","13","0.846","25","0.52","11","0.545","0.611","0.659","9.2","4","1","0.7","0.3","0.8","13.2","10.2","14.2","5.9","123.2","100.2"
"","Marcus Smart","Mem","G","30.9","18","21.2","19.9","19.3","36","0.833","55","0.436","87","0.333","0.475","0.523","9.2","2.3","3.8","1.3","0.3","1.9","11.5","13","15.3","8.1","106.7","107.4"
"","Svi Mykhailiuk","Uta","G-F","27.6","13","17.1","24","18","11","0.818","28","0.607","72","0.347","0.545","0.563","9.1","1.8","2","1","0.2","1.7","10.9","11.1","12.9","7.5","103","115.7"
"","Dereck Lively II","Dal","C","20.9","32","24","13.7","18","69","0.638","177","0.701","0","0","0.701","0.704","9.1","7.8","2.6","0.5","1.7","1.2","17","11.8","19.6","9.5","138.3","102.1"
"","Jalen Wilson","Bro","F","24.2","39","26.7","16.1","12.2","66","0.864","138","0.486","172","0.314","0.477","0.521","9.1","3.3","1.7","0.5","0.1","1.1","12.4","10.8","14.1","5.6","105.2","112.7"
"","Justin Champagnie","Was","G-F","23.5","21","23.1","14.7","12.9","19","0.632","74","0.649","68","0.412","0.634","0.638","9.1","5.6","1.1","1.1","0.7","1","14.7","10.2","15.8","6.6","120.1","112.8"
"","Garrison Mathews","Atl","G","28.2","30","19","16.4","10.7","56","0.821","29","0.483","154","0.429","0.617","0.655","9.1","1.8","1.5","0.7","0.3","0.7","10.8","10.6","12.3","6.1","125.6","111.1"
"","Caleb Martin","Phi","F","29.3","31","30.4","14.4","15.6","74","0.622","145","0.469","87","0.379","0.506","0.531","9.1","4.4","2.3","1.1","0.6","1.4","13.5","11.3","15.7","5.9","107","111"
"","Kentavious Caldwell-Pope","Orl","G","31.9","39","30.5","13","10.6","52","0.923","108","0.593","188","0.319","0.52","0.558","9.1","2","2","1.6","0.6","0.9","11.1","11.2","13.2","4.3","111.9","105.9"
"","Trentyn Flowers","Lac","F","19.9","1","14.4","31.2","9.6","1","1","7","0.571","2","0","0.444","0.477","9","4","0","0","0","1","13","9","13","0","90.5","91.3"
"","Yves Missi","Nor","C","20.7","40","27","13.7","15.9","114","0.667","253","0.561","1","0","0.559","0.592","9","8.2","1.5","0.6","1.4","1.2","17.2","10.5","18.7","7.1","121.3","113.2"
"","Carlton Carrington","Was","G","19.5","38","30.2","14.2","16.1","30","0.8","145","0.476","173","0.341","0.495","0.512","8.9","4.3","4.1","0.7","0.2","1.6","13.2","13","17.2","7.1","102.7","116.1"
"","Peyton Watson","Den","G","22.3","39","25","14.4","12.6","89","0.775","173","0.549","84","0.345","0.539","0.584","8.9","3.6","1.5","0.9","1.1","0.9","12.4","10.4","13.9","5.8","115.1","109.9"
"","Nick Richards","Cha","C","27.1","21","21","17.7","22.4","87","0.678","113","0.566","1","0","0.561","0.614","8.9","7.5","1.3","0.3","1.2","1.6","16.4","10.2","17.8","8.4","115.9","103.8"
"","Tristan da Silva","Orl","F","23.7","37","25.6","16","10.8","38","0.816","150","0.52","146","0.315","0.497","0.52","8.8","4.1","1.7","0.4","0.2","1","12.9","10.5","14.6","6.2","106.8","107.5"
"","Anthony Black","Orl","G","21","37","23.9","19.7","21.9","103","0.748","191","0.476","87","0.253","0.446","0.503","8.8","2.7","3.5","0.9","0.6","2.1","11.5","12.3","15","7.3","98.2","102.6"
"","Jay Huff","Mem","C","27.4","35","14.9","19.2","11.2","47","0.787","71","0.718","135","0.415","0.655","0.677","8.8","2.5","0.7","0.3","1.1","0.7","11.3","9.5","12","6.7","124.9","103.9"
"","Isaiah Joe","Okc","G","25.5","37","20.5","17.5","6","20","0.75","63","0.556","219","0.365","0.55","0.559","8.8","2.6","1.4","0.8","0.2","0.5","11.4","10.2","12.8","6.2","113.6","103.4"
"","Kevin Huerter","Sac","G-F","26.4","36","23.4","16.8","10.6","25","0.72","98","0.643","188","0.309","0.524","0.535","8.8","3.2","1.9","1","0.4","0.9","12","10.7","13.9","6.4","106.5","108.6"
"","Kawhi Leonard","Lac","F","33.5","3","20.3","25","8.8","3","0.333","18","0.278","13","0.385","0.403","0.402","8.7","3.3","1.3","1.3","0","1","12","10","13.3","6.6","85.9","109.5"
"","Keon Johnson","Bro","G","22.9","38","21.7","21","13.3","41","0.78","141","0.447","184","0.31","0.457","0.48","8.7","3.4","1.7","0.8","0.3","1.3","12","10.3","13.7","6.8","94.1","106.9"
"","Nickeil Alexander-Walker","Min","G","26.4","39","22.9","16.1","16.4","42","0.714","106","0.557","153","0.418","0.598","0.613","8.7","2.8","2.5","0.7","0.3","1.3","11.5","11.2","14","6.9","115","107.6"
"","Draymond Green","Gol","F","34.9","33","28.6","15.7","25.9","65","0.615","113","0.478","127","0.362","0.513","0.532","8.7","6.2","5.6","1.1","1.2","2.5","14.8","14.3","20.5","9.4","104.9","102.1"
"","Luke Kennard","Mem","G","28.6","27","21","14.6","12.4","33","0.879","53","0.415","116","0.457","0.601","0.632","8.6","2.8","3.2","0.6","0.1","0.9","11.4","11.8","14.6","8.1","130.3","112.6"
"","Trayce Jackson-Davis","Gol","F","24.9","38","20.1","17","12.5","68","0.618","244","0.586","1","0","0.584","0.597","8.6","6.1","2.2","0.5","0.8","0.9","14.7","10.8","16.9","9.7","123.1","107.1"
"","Dalano Banton","Por","F","25.2","30","15.7","26.2","16.3","58","0.672","131","0.45","95","0.358","0.487","0.515","8.6","2","2.4","0.8","0.5","1.5","10.7","11.1","13.1","8.8","102.2","115.8"
"","Jusuf Nurkic","Pho","C","30.4","25","23.7","18.7","25.9","69","0.696","104","0.529","59","0.322","0.512","0.556","8.6","9.2","1.9","0.9","0.6","2.3","17.8","10.5","19.6","9","100.8","99.6"
"","Al Horford","Bos","C-F","38.6","31","27.7","13","10.3","12","0.833","62","0.581","165","0.37","0.562","0.57","8.5","5.5","2.1","0.7","0.8","0.8","14","10.6","16.1","6.7","117.9","107.5"
"","Jaylen Nowell","Nor","G","25.5","8","21","21.5","9.8","11","0.636","46","0.391","27","0.296","0.411","0.43","8.4","2.5","2.3","0.1","0.5","1","10.9","10.6","13.1","6.9","93.9","120.3"
"","Jalen Smith","Chi","F-C","24.8","36","15.4","20.6","8.5","56","0.804","103","0.631","124","0.347","0.57","0.604","8.4","5.5","0.9","0.3","0.7","0.6","13.9","9.3","14.8","9","122.1","106.7"
"","Georges Niang","Cle","F","31.6","39","20.1","17.2","13.4","16","0.75","95","0.642","170","0.382","0.598","0.605","8.4","3.6","1.5","0.3","0.2","1.1","12","9.9","13.5","7.1","112.3","103.6"
"","Trendon Watford","Bro","G-F","24.2","13","16","23.3","16.8","35","0.857","53","0.509","26","0.308","0.494","0.572","8.3","2.8","1.2","0.4","0.3","1.2","11.1","9.5","12.2","7.6","105.5","104"
"","Tyrese Martin","Bro","F","25.9","24","20","19.2","13.1","26","0.654","69","0.507","103","0.359","0.526","0.54","8.3","3.7","1.8","0.5","0.2","1.1","12","10","13.8","7.6","106.4","114.9"
"","Max Strus","Cle","G-F","28.8","11","23.2","14.9","13.9","5","0.8","13","0.538","61","0.393","0.581","0.591","8.2","3.6","3.1","0.4","0.4","1.1","11.8","11.3","14.9","7.8","119.8","108.1"
"","A.J. Green","Mil","G","25.3","36","22","13.5","8.4","11","0.909","25","0.52","194","0.443","0.648","0.657","8.2","2.2","1.3","0.5","0.1","0.6","10.4","9.5","11.7","5.2","123.4","106.9"
"","Jake LaRavia","Mem","F","23.2","39","22","14.9","21.8","84","0.714","138","0.536","84","0.44","0.583","0.616","8.2","4.4","3.2","0.8","0.5","1.6","12.6","11.4","15.8","8.9","118.9","105.1"
"","Max Christie","Lal","G","21.9","36","23.5","13.9","11.9","77","0.87","99","0.556","108","0.361","0.548","0.61","8.2","2.4","1.3","0.9","0.4","0.8","10.6","9.5","11.9","5","120","113.5"
"","Cody Martin","Cha","F","29.3","34","25.7","14.2","13.4","43","0.698","126","0.556","113","0.31","0.513","0.533","8.1","4.7","2.3","1.2","0.7","1.1","12.8","10.4","15.1","6.9","110.5","108.7"
"","Brandin Podziemski","Gol","G","21.9","30","24.2","15.8","11.5","30","0.733","125","0.496","105","0.295","0.472","0.491","8","4.5","3.2","1","0.2","1","12.5","11.2","15.7","8","108.5","108.4"
"","Jaden Hardy","Dal","G","22.5","32","16","23.7","17.6","42","0.738","118","0.458","102","0.382","0.511","0.537","8","1.5","1.5","0.6","0.2","1.5","9.5","9.5","11","6.6","97.4","107.2"
"","Wendell Carter Jr.","Orl","C-F","25.8","28","24.4","14.9","11.9","73","0.685","117","0.598","60","0.183","0.489","0.533","8","6.8","2.1","0.8","0.6","0.9","14.8","10.1","16.9","8","114.2","98"
"","Cole Anthony","Orl","G","24.7","38","15.2","27.4","17.9","65","0.754","166","0.464","109","0.303","0.46","0.497","7.9","2.6","2.6","0.6","0.3","1.6","10.6","10.5","13.1","9.9","97.9","98.6"
"","Mike Conley","Min","G","37.3","35","24.5","15.5","14.5","50","0.9","78","0.333","163","0.368","0.481","0.527","7.9","2.7","4.3","1.3","0.2","1.2","10.6","12.2","14.9","7.4","115.6","107.7"
"","Moses Moody","Gol","G","22.6","32","16.1","19.9","10.6","44","0.727","81","0.481","121","0.38","0.535","0.56","7.8","1.8","0.8","0.5","0.2","0.8","9.5","8.6","10.3","5.6","107.5","109.5"
"","Day'Ron Sharpe","Bro","C","23.2","18","16.9","21.1","12.7","27","0.852","92","0.565","25","0.12","0.483","0.528","7.6","5.9","1.4","0.7","0.4","0.9","13.5","9","14.9","9.4","113.7","104.2"
"","Ausar Thompson","Det","G-F","22","18","18.7","19.2","18.7","28","0.5","90","0.567","23","0.304","0.544","0.547","7.6","4.6","1.8","1.6","0.3","1.4","12.2","9.4","14","8.5","104","97.8"
"","Sam Hauser","Bos","F","27.1","32","20.5","14.2","5.1","2","1","30","0.767","173","0.376","0.594","0.596","7.6","3","1.1","0.7","0.2","0.3","10.6","8.7","11.7","5.7","123.5","109.1"
"","DaQuan Jeffries","Cha","G-F","27.4","8","19","14.7","11.7","4","0.75","25","0.6","20","0.45","0.633","0.642","7.5","2.9","0.6","0.6","0.6","0.8","10.4","8.1","11","5","118.3","108.8"
"","Brandon Clarke","Mem","F","28.3","37","18.7","13.9","8.4","40","0.65","190","0.653","16","0.063","0.609","0.619","7.5","5","0.9","0.8","0.5","0.5","12.5","8.4","13.4","6.9","127.5","100.1"
"","Ja'Kobe Walter","Tor","G","20.4","24","18.9","18.6","11.3","36","0.667","84","0.488","81","0.296","0.467","0.492","7.4","2.4","1.4","0.5","0.3","0.9","9.8","8.8","11.3","6.2","101.5","114"
"","Cason Wallace","Okc","G","21.2","38","27.4","11.7","8.3","17","0.824","137","0.547","117","0.333","0.526","0.537","7.4","3.3","2.4","1.7","0.6","0.6","10.7","9.8","13.1","5.7","117.2","102.1"
"","Keon Ellis","Sac","G","25","38","21.8","12.8","13.6","49","0.857","59","0.559","137","0.423","0.612","0.648","7.4","2.4","1.2","1.4","0.8","0.8","9.9","8.6","11.1","5.1","122.8","107.6"
"","Shake Milton","Bro","G","28.3","27","18.2","17.1","11.3","33","0.758","85","0.529","72","0.389","0.554","0.58","7.4","1.9","2.4","0.6","0","0.7","9.3","9.7","11.6","7.1","119.1","112.5"
"","Johnny Juzang","Uta","G","23.8","32","17.8","15.9","7.8","25","0.88","54","0.463","135","0.4","0.561","0.585","7.3","2.8","1","0.4","0.2","0.5","10.1","8.3","11.1","6.1","120.3","111.4"
"","Ryan Dunn","Pho","F","22","35","19.9","15.6","6.3","19","0.474","95","0.642","127","0.315","0.545","0.545","7.2","3.2","0.9","0.5","0.7","0.4","10.4","8","11.2","5.5","110.9","107.8"
"","Kyshawn George","Was","F","21.1","33","25.2","15.1","13","41","0.78","80","0.5","167","0.251","0.417","0.449","7.2","3.8","2.2","0.8","0.6","1.1","11.1","9.4","13.2","6.2","95.1","112.8"
"","Taurean Prince","Mil","F","30.8","38","25.6","12.1","16.5","18","0.722","78","0.449","140","0.457","0.601","0.609","7.2","3.8","1.8","0.9","0.2","1.1","11","9.1","12.9","5.7","111.1","107.7"
"","Cameron Payne","Nyk","G","30.4","35","15.2","20.1","10.2","22","0.864","83","0.47","128","0.406","0.555","0.573","7.2","1.5","2.6","0.6","0.3","0.7","8.7","9.8","11.3","8","120.2","105.9"
"","Jared Butler","Was","G","24.4","29","11.2","26.5","14.1","38","0.763","125","0.528","39","0.385","0.54","0.57","7.1","1.3","2.6","0.3","0.2","0.9","8.4","9.7","11","10.3","115.2","115.6"
"","Josh Green","Cha","G","24.2","34","28.3","11.3","14","36","0.639","89","0.427","120","0.392","0.519","0.534","7.1","2.9","1.4","1","0.3","1","9.9","8.5","11.4","4.3","107.5","108.7"
"","Haywood Highsmith","Mia","F","28.1","36","25.6","11.4","13.2","24","0.667","80","0.588","117","0.419","0.612","0.619","7.1","3.4","1.3","1.1","0.6","0.8","10.6","8.4","11.9","4.9","116.3","106.5"
"","Bones Hyland","Lac","G","24.3","16","11","29.1","15.5","22","0.864","27","0.333","65","0.385","0.505","0.551","7","1.1","1.3","0.8","0.3","1.1","8.1","8.3","9.4","7.8","104.3","103.3"
"","Isaiah Jackson","Ind","F","23","5","16.8","17.6","17.7","14","0.5","23","0.609","0","0","0.609","0.6","7","5.6","1","0.6","1.6","1","12.6","8","13.6","8.1","118.7","98.9"
"","Vasilije Micic","Cha","G","31","25","20.6","20.4","21","25","0.8","99","0.333","89","0.337","0.415","0.442","7","2.3","3.5","0.5","0","2","9.3","10.5","12.8","7.4","91.9","114.9"
"","Andre Drummond","Phi","C","31.4","26","18.9","19.1","23","60","0.583","134","0.537","10","0.1","0.51","0.534","7","7.9","0.5","1.2","0.4","1.7","14.9","7.5","15.5","6.4","101.3","97.1"
"","Torrey Craig","Chi","F","34.1","9","12.5","17.3","0","4","0.75","10","0.7","35","0.429","0.656","0.663","6.9","2.8","0.6","0.2","0.1","0","9.7","7.4","10.2","7.2","137","107.2"
"","Trey Lyles","Sac","F","29.2","30","20.6","14.2","9.9","34","0.765","50","0.5","122","0.361","0.529","0.556","6.9","4.7","1","0.6","0.5","0.6","11.7","7.9","12.6","6.2","114.3","109.6"
"","Dorian Finney-Smith","Lal","F","31.7","6","23.7","11.5","8.5","5","0.8","10","0.5","22","0.409","0.578","0.599","6.8","3.2","1","0.8","0","0.5","10","7.8","11","4.7","124.5","109.8"
"","Thomas Bryant","Ind","C-F","27.5","15","13.8","16.3","6.6","7","0.857","39","0.692","31","0.452","0.686","0.698","6.8","3.7","0.9","0.5","0.5","0.3","10.5","7.7","11.3","8.2","140.3","110.8"
"","Elfrid Payton","Nor","G","30.9","7","20.5","19.6","30.2","2","0.5","45","0.511","1","0","0.5","0.501","6.7","3.4","6.9","1.4","0.4","2.9","10.1","13.6","17","10.5","99.4","113.4"
"","Simone Fontecchio","Det","F","29.1","35","18.3","16.2","14.4","46","0.826","71","0.507","119","0.353","0.521","0.561","6.7","3","0.9","0.3","0.1","0.9","9.7","7.6","10.6","5.7","107.9","110.9"
"","Robert Williams III","Por","C-F","27.2","12","16.5","12.8","16.2","13","0.923","43","0.744","3","0.333","0.728","0.764","6.6","5","1","0.8","1.7","0.8","11.6","7.6","12.6","7.8","139.9","111.6"
"","Jarace Walker","Ind","F","21.4","41","17.3","16.7","17.9","52","0.654","99","0.535","107","0.402","0.57","0.588","6.6","3.4","1.4","1","0.3","1.1","10","8","11.4","7.3","105.6","106.3"
"","Sam Merrill","Cle","G","28.7","32","18.5","15.2","7.4","18","0.944","24","0.625","163","0.337","0.521","0.544","6.6","1.8","1.6","0.5","0.2","0.5","8.4","8.3","10","5.8","114.6","106.3"
"","Ajay Mitchell","Okc","G","22.6","34","16.5","16","14.3","33","0.848","116","0.543","51","0.431","0.575","0.606","6.5","2","1.7","0.7","0.1","0.8","8.4","8.1","10.1","6.8","116.8","99.9"
"","Ronald Holland II","Det","F","19.5","40","15.9","18.1","14.8","45","0.8","133","0.632","79","0.228","0.524","0.557","6.5","2.9","0.8","0.5","0.2","0.9","9.3","7.2","10.1","6.2","104.1","105.4"
"","Lonzo Ball","Chi","G","27.2","21","20","15.2","17","12","0.75","21","0.524","101","0.347","0.52","0.534","6.5","3.3","3.8","1.5","0.6","1.2","9.8","10.2","13.6","8.7","111.4","110.1"
"","Kel'el Ware","Mia","C","20.7","23","12.9","18.3","11.5","23","0.652","74","0.649","26","0.462","0.66","0.667","6.4","3.4","0.4","0.5","0.9","0.6","9.8","6.8","10.2","6.4","121.9","103.1"
"","KJ Martin","Phi","F","24","24","20","11.4","10.8","29","0.828","78","0.679","21","0.381","0.657","0.689","6.4","3","0.8","0.5","0.7","0.5","9.4","7.2","10.2","5","133.7","104.5"
"","Talen Horton-Tucker","Chi","G","24.1","33","12.3","20.3","11.1","40","0.675","89","0.539","71","0.408","0.572","0.591","6.4","1.9","1.4","0.4","0.3","0.6","8.3","7.8","9.7","8.4","115.6","112.4"
"","Kris Dunn","Lac","G","30.8","38","23.5","13.9","16.3","12","0.5","114","0.544","122","0.311","0.504","0.506","6.4","3.3","2.8","1.6","0.3","1.2","9.8","9.2","12.6","6.6","103.6","100.9"
"","Dru Smith","Mia","G","27","14","19.2","13.8","21.7","13","0.769","31","0.484","30","0.533","0.639","0.659","6.3","2.6","1.6","1.5","0.4","1.2","8.9","7.9","10.5","6.2","115.5","101.5"
"","Jonathan Isaac","Orl","F","27.3","35","17.1","16.9","8.6","53","0.679","99","0.566","92","0.261","0.482","0.513","6.3","4.9","0.5","0.8","1.3","0.5","11.2","6.8","11.7","5.8","110.9","101.1"
"","Ben Simmons","Bro","G-F","28.5","29","25.3","14.5","34.9","23","0.696","151","0.55","0","0","0.55","0.565","6.3","5.3","7.1","0.8","0.5","2.8","11.6","13.4","18.7","9.8","108.9","108.5"
"","Justin Edwards","Phi","F","21.1","9","14.6","17.2","12.2","5","0.6","17","0.765","26","0.346","0.616","0.619","6.2","2.3","0.9","0.3","0.2","0.7","8.6","7.1","9.4","6.4","115.8","110"
"","Lindy Waters III","Gol","F","27.5","32","18.7","14.5","7.4","11","0.727","54","0.5","133","0.338","0.505","0.513","6.2","2.8","1.2","0.7","0.3","0.5","9","7.3","10.1","5.9","106.8","107"
"","Terance Mann","Lac","G-F","28.2","26","20.1","13.7","10.3","24","0.667","86","0.5","53","0.377","0.525","0.542","6.2","2.8","1.7","1","0.2","0.6","9.1","7.9","10.7","6.1","114.6","104.1"
"","Isaiah Wong","Cha","G","24","10","14.3","22.9","15.1","26","0.654","39","0.41","17","0.235","0.393","0.452","6.1","2.2","1.8","0.6","0","1","8.3","7.9","10.1","8.1","100.2","111.3"
"","Kevin Love","Mia","F-C","36.4","17","11.6","26.8","11.6","19","0.684","41","0.341","58","0.362","0.46","0.484","6.1","4.4","1.1","0.8","0.1","0.8","10.5","7.2","11.6","10.7","100.5","99.1"
"","Jeremiah Robinson-Earl","Nor","F","24.2","34","18.8","14.4","12.6","29","0.862","98","0.541","82","0.317","0.511","0.542","6.1","4.8","1.3","0.7","0.1","0.8","11","7.4","12.3","7.2","114.3","114.6"
"","Javonte Green","Nor","G","31.5","36","21.4","11.6","11.5","47","0.766","97","0.536","72","0.361","0.538","0.575","6.1","3.4","0.8","1","0.7","0.6","9.4","6.9","10.3","4.8","115.6","115.7"
"","Kelly Olynyk","Tor","F-C","33.7","17","14.5","18.7","23.9","23","0.826","50","0.5","26","0.423","0.546","0.592","6","3.4","2.1","0.7","0.2","1.4","9.4","8.1","11.5","9.7","108.5","104.2"
"","Kenrich Williams","Okc","G-F","30.1","29","13.7","16.3","10.3","15","0.933","67","0.612","63","0.413","0.615","0.637","6","3","1","0.6","0.2","0.5","9","7","10","7.7","124.6","95.5"
"","Josh Okogie","Pho","G","26.4","25","14","18.2","12.3","32","0.688","72","0.556","42","0.381","0.561","0.586","6","2.9","0.6","0.8","0.4","0.6","8.9","6.6","9.4","6.2","115.5","110.7"
"","Jamison Battle","Tor","F","23.7","31","13.5","15.6","8","14","0.857","36","0.583","102","0.431","0.63","0.645","6","1.9","1","0.1","0.1","0.4","7.9","7","8.9","6.7","127.3","116.4"
"","Kyle Filipowski","Uta","C","21.2","28","17.8","15.1","18.7","43","0.605","76","0.618","54","0.296","0.546","0.564","6","4.6","1.8","0.6","0.1","1.1","10.6","7.8","12.4","8.3","110.7","108.8"
"","James Wiseman","Ind","C","23.8","1","4.6","46","0","2","1","3","0.667","1","0","0.5","0.615","6","1","0","0","0","0","7","6","7","0","123.4","119.6"
"","Dean Wade","Cle","F-C","28.2","30","22.6","10.6","5.7","24","0.5","22","0.727","126","0.357","0.564","0.564","6","5.1","1.4","0.9","0.5","0.3","11.1","7.4","12.5","6.2","123.7","105.2"
"","Bruce Brown","Tor","G-F","28.4","7","17.6","16.7","14.8","5","0.8","31","0.452","9","0.333","0.463","0.486","5.9","2.6","1.1","0.9","0.3","1","8.4","7","9.6","5.8","95.5","115.2"
"","Davion Mitchell","Tor","G","26.4","35","24.3","13.1","23.5","33","0.667","98","0.48","94","0.319","0.479","0.499","5.9","2","4.5","0.7","0.2","1.7","7.9","10.4","12.4","6.2","102.7","114"
"","Ricky Council IV","Phi","G","23.5","31","13.4","19.4","10.7","57","0.842","83","0.542","58","0.241","0.468","0.542","5.8","2.2","0.8","0.2","0.2","0.5","8","6.6","8.8","6.5","111.9","112.4"
"","Marcus Sasser","Det","G","24.3","29","13.8","18","16.3","8","1","66","0.576","72","0.389","0.58","0.594","5.8","1.1","2","0.7","0.1","0.9","6.9","7.8","8.8","6.8","113.7","109.6"
"","Isaiah Stewart","Det","F-C","23.7","36","21.1","11.8","15.9","36","0.889","130","0.592","33","0.242","0.546","0.587","5.8","5.8","1.8","0.4","1.3","0.9","11.6","7.6","13.4","7.4","124.3","104"
"","Eric Gordon","Phi","G","36.1","27","17.6","15.1","13.4","30","0.767","45","0.489","84","0.357","0.519","0.552","5.8","1.1","1.1","0.6","0.3","0.7","7","6.9","8.1","4.4","106.2","114.6"
"","Devin Carter","Sac","G","22.8","6","14.4","20.1","8.3","10","0.7","14","0.429","19","0.263","0.409","0.455","5.7","4.2","1.8","0.2","0.3","0.5","9.8","7.5","11.7","9.7","104.9","105.6"
"","Jordan Miller","Lac","G","25","23","14.3","19.7","14.6","30","0.8","82","0.512","35","0.229","0.462","0.507","5.7","2.2","1.3","0.6","0.1","0.9","7.9","7","9.2","7.1","104.5","108.5"
"","Quenton Jackson","Ind","G","26.3","18","14.1","16.4","12.6","21","0.714","52","0.577","24","0.375","0.572","0.598","5.7","1.5","1.7","0.5","0.3","0.6","7.2","7.4","8.9","6.9","120.2","107.8"
"","Isaac Okoro","Cle","F-G","24","27","19.6","11.5","6.9","23","0.696","52","0.462","70","0.429","0.566","0.583","5.7","2","1.7","0.7","0.4","0.3","7.7","7.4","9.4","5.5","128.2","106.7"
"","Alec Burks","Mia","G","33.5","23","16","14","6.6","26","0.808","26","0.346","72","0.431","0.566","0.603","5.7","2.1","1.1","0.6","0.2","0.3","7.8","6.9","9","5.9","123.6","111.2"
"","Donovan Clingan","Por","C","20.9","31","16.7","15.1","22.1","34","0.735","114","0.579","20","0.3","0.56","0.587","5.6","6.5","0.6","0.5","1.5","1.2","12.1","6.3","12.8","6.7","111.7","102.6"
"","Ben Sheppard","Ind","G","23.5","27","20.4","11.5","7","9","0.889","40","0.475","92","0.37","0.53","0.544","5.5","2.6","1.1","0.5","0.3","0.4","8.1","6.6","9.1","4.9","112.6","108.4"
"","Jamal Shead","Tor","G","22.5","36","15.9","17.4","22.3","22","0.682","100","0.48","77","0.364","0.508","0.522","5.4","1.1","3.5","0.6","0.1","1.4","6.5","8.9","10","6.9","103.5","113.3"
"","Malaki Branham","San","F","21.7","24","11.1","22.6","19.6","20","0.85","58","0.483","48","0.396","0.533","0.566","5.4","1.3","1.1","0.3","0.1","1.1","6.7","6.5","7.8","7.1","98.1","111.6"
"","Neemias Queta","Bos","C","25.5","31","15.4","12.9","15.5","32","0.719","107","0.673","2","0","0.661","0.678","5.4","4.2","0.6","0.3","0.8","0.6","9.5","6","10.2","6.2","131.8","100.4"
"","Alex Caruso","Okc","G","30.9","21","19.8","14.1","11.2","9","0.778","50","0.52","68","0.265","0.449","0.463","5.4","2.8","2.4","1.9","0.6","0.7","8.2","7.8","10.6","6.7","103.1","96.4"
"","Kyle Anderson","Gol","F-G","31.3","33","15.2","15.7","10.2","27","0.667","107","0.477","51","0.373","0.503","0.521","5.4","3.1","2.3","0.8","0.5","0.5","8.5","7.7","10.8","8.9","116.8","106.2"
"","Kobe Bufkin","Atl","G","21.3","10","12.4","20.7","14.5","18","0.722","28","0.5","19","0.211","0.426","0.483","5.3","2.1","1.7","0.3","0.2","0.8","7.4","7","9.1","8.6","102.3","112.7"
"","Vince Williams Jr.","Mem","G","24.4","3","14.9","24.6","26.8","4","0.25","11","0.545","8","0.125","0.395","0.385","5.3","3.7","3","0","0.7","2.3","9","8.3","12","10.4","81.2","95.2"
"","Jaxson Hayes","Lal","C-F","24.6","16","15.7","12.4","15.4","29","0.759","48","0.646","1","0","0.633","0.68","5.3","3.9","0.8","0.4","0.8","0.6","9.2","6","9.9","6.5","136.2","102.5"
"","Monte Morris","Pho","G","29.6","32","13.6","17.5","9","40","0.85","79","0.506","62","0.306","0.486","0.539","5.3","1.6","1.6","0.4","0.1","0.4","6.9","7","8.6","7","115.1","117.1"
"","Zach Collins","San","F-C","27.2","30","13.1","17.9","15.4","35","0.886","82","0.537","44","0.273","0.492","0.548","5.2","3.1","1.6","0.4","0.4","0.8","8.3","6.7","9.9","9","114.7","97.8"
"","Kevon Looney","Gol","F","28.9","33","15.7","14.6","12.4","45","0.422","140","0.543","1","0","0.539","0.532","5.2","6.8","1.6","0.8","0.3","0.6","12","6.8","13.6","9.8","123.2","96"
"","Seth Curry","Cha","G","34.4","30","13.8","14.4","7.4","15","0.867","59","0.508","66","0.424","0.576","0.597","5.2","1.4","0.5","0.5","0.2","0.3","6.7","5.7","7.2","4.5","119.6","111.9"
"","Precious Achiuwa","Nyk","F","25.3","20","17.5","13.3","16.5","21","0.524","67","0.567","14","0.357","0.562","0.565","5.1","5.4","0.9","0.7","0.6","0.8","10.5","6","11.4","6.7","115.3","106"
"","Jonathan Mogbo","Tor","F","23.2","35","16.4","14.6","17.3","48","0.729","123","0.488","25","0.32","0.486","0.529","5.1","4.2","1.6","0.7","0.5","0.9","9.3","6.7","10.9","7.9","112.2","109.6"
"","Cam Christie","Lac","G","19.5","1","17.8","19.4","12.5","0","0","3","0.333","4","0.25","0.357","0.357","5","3","0","2","0","1","8","5","8","0","71.8","110.3"
"","Alondes Williams","Det","G","25.6","1","3.7","23.1","0","0","0","1","1","1","1","1.25","1.25","5","0","1","0","0","0","5","6","6","0","0","0"
"","David Roddy","Atl","F","23.8","22","13.1","13.9","19.7","16","0.875","37","0.649","36","0.444","0.658","0.687","5","2.5","1.2","0.4","0.3","0.8","7.5","6.2","8.6","7.5","119.3","113.4"
"","Vit Krejci","Atl","G","24.6","24","16.9","13.1","16.9","15","0.733","38","0.526","65","0.354","0.529","0.547","5","2.3","2.3","0.7","0.3","0.9","7.3","7.3","9.6","7.1","110.6","108.3"
"","Drew Eubanks","Uta","F-C","28","29","14.5","14.1","21.7","39","0.615","93","0.613","4","0.5","0.619","0.631","5","4.4","1.2","0.2","0.7","0.9","9.3","6.2","10.6","8.2","116.3","110.6"
"","Tidjane Salaun","Cha","F","19.4","32","18.7","14.5","14","31","0.677","62","0.387","103","0.282","0.409","0.437","4.9","4.2","1.1","0.6","0.2","0.8","9.1","5.9","10.2","6.1","94.5","109.7"
"","Marvin Bagley III","Was","F","25.8","19","8.8","23","13.4","23","0.652","61","0.59","10","0.2","0.549","0.573","4.9","2.9","0.4","0.4","0.3","0.6","7.8","5.3","8.2","8.1","112.9","115.3"
"","Matas Buzelis","Chi","F","20.3","38","12.8","17.8","10.8","30","0.8","85","0.412","88","0.341","0.462","0.494","4.8","2.6","0.5","0.3","0.8","0.6","7.4","5.3","7.9","5.8","97.6","109.3"
"","Trevelin Queen","Orl","G","27.9","14","15.9","14.8","18","8","0.875","27","0.444","32","0.375","0.508","0.536","4.8","1.6","1.6","0.9","0.5","0.9","6.4","6.4","7.9","5.8","105.8","101.2"
"","Paul Reed","Det","F","25.6","21","10.9","16.9","14.9","23","0.826","53","0.623","15","0.333","0.596","0.64","4.8","2.3","1","1.2","0.6","0.6","7","5.8","8","8.2","124.8","95"
"","Antonio Reeves","Nor","G","22.2","17","9.1","22.5","6.3","8","0.875","37","0.541","37","0.297","0.493","0.516","4.7","1.1","0.6","0.4","0","0.3","5.8","5.3","6.4","6.4","106.8","119.6"
"","Taylor Hendricks","Uta","F","21.1","3","24.8","12.3","9.8","4","0.75","6","0.167","12","0.25","0.306","0.354","4.7","5","0.7","1.7","1.3","0.7","9.7","5.3","10.3","4.1","87.7","108.3"
"","Ryan Rollins","Mil","G","22.5","22","11.5","18.8","18.2","12","0.833","48","0.542","37","0.378","0.553","0.576","4.7","1.8","1","0.9","0.4","0.9","6.5","5.8","7.5","7.1","103.4","101.6"
"","Keaton Wallace","Atl","G","25.9","16","15.5","14.7","19.2","4","1","34","0.471","37","0.351","0.5","0.515","4.7","1.4","1.9","0.8","0.4","1.1","6.1","6.6","7.9","6","97.3","113.8"
"","Luke Kornet","Bos","C-F","29.5","33","16.6","10.3","11.7","44","0.705","98","0.633","0","0","0.633","0.66","4.7","5.1","1.5","0.5","1","0.4","9.8","6.2","11.3","8","148.6","104.5"
"","Pat Connaughton","Mil","G","32","20","15.9","14","11.4","14","0.786","33","0.576","52","0.288","0.488","0.516","4.7","3","1.8","0.2","0.3","0.6","7.7","6.5","9.4","7.4","112.2","108.3"
"","Jett Howard","Orl","G","21.3","37","11.2","19.3","9.6","16","0.875","46","0.565","114","0.307","0.491","0.512","4.6","1.3","0.6","0.1","0.2","0.5","5.9","5.3","6.5","5.5","103.1","105"
"","Gary Payton II","Gol","G","32.1","28","13.1","14.4","11.6","15","0.6","74","0.716","32","0.156","0.571","0.577","4.6","2.8","1.2","0.7","0.4","0.5","7.4","5.9","8.6","7.6","120.1","103.1"
"","Jaylin Williams","Okc","F","22.5","12","13.3","15","14.3","0","0","8","0.75","40","0.35","0.563","0.563","4.5","4","2.2","0.3","0.5","0.7","8.5","6.7","10.7","10.3","120","95.2"
"","Nick Smith Jr.","Cha","G","20.7","18","10.6","19.3","5.8","2","0.5","37","0.351","44","0.409","0.494","0.495","4.5","1.4","0.9","0.3","0.1","0.3","5.9","5.4","6.8","6.7","106.1","113.5"
"","Sandro Mamukelashvili","San","F-C","25.7","23","8.7","17.7","12.1","20","0.75","22","0.773","43","0.419","0.677","0.698","4.5","2.6","0.3","0.2","0.3","0.4","7.1","4.8","7.4","7","127","106.3"
"","Julian Phillips","Chi","F","21.2","39","13.6","13.5","9.5","32","0.656","61","0.59","82","0.317","0.524","0.544","4.4","1.9","0.4","0.5","0.3","0.4","6.3","4.8","6.7","4.4","110.3","111.9"
"","Kris Murray","Por","F","24.4","33","14","14.1","12.5","25","0.4","77","0.597","49","0.286","0.532","0.526","4.4","2.3","1","0.4","0.2","0.5","6.7","5.3","7.6","6.2","110","116.3"
"","Charles Bassey","San","C-F","24.2","26","10.4","18.6","17.7","25","0.6","88","0.568","0","0","0.568","0.581","4.4","4.2","0.5","0.3","0.9","0.7","8.7","4.9","9.1","8.1","111.3","97.1"
"","KJ Simpson","Cha","G","22.4","12","14.4","19.4","16.4","15","0.667","32","0.406","29","0.172","0.336","0.377","4.3","1.8","1.7","0.8","0.2","1","6","5.9","7.7","6.6","87.5","110.1"
"","Pelle Larsson","Mia","G","23.9","23","13.8","13.7","12.6","27","0.63","41","0.61","35","0.314","0.546","0.569","4.3","1.7","1.2","0.5","0.1","0.5","6","5.5","7.2","6","115.4","101.5"
"","Jamal Cain","Nor","F","25.8","16","14","13","11.2","16","0.625","27","0.593","28","0.321","0.536","0.556","4.3","2.8","0.6","0.5","0.4","0.4","7.1","4.9","7.8","5.5","114","113"
"","Daniel Theis","Nor","F-C","32.8","31","15.4","11.9","15.5","30","0.833","71","0.606","32","0.219","0.519","0.568","4.3","4.2","1.4","0.4","0.5","0.6","8.5","5.6","9.8","7.6","117.5","109.2"
"","Patty Mills","Uta","G","36.4","13","15.9","16","16.8","4","1","18","0.444","46","0.261","0.406","0.426","4.3","1.1","1.4","0.8","0.2","1","5.4","5.7","6.8","4.7","87","117.5"
"","Oso Ighodaro","Pho","F","22.5","32","16.8","11","16.6","31","0.581","98","0.592","2","0","0.58","0.59","4.2","3.8","1","0.5","0.4","0.6","8","5.2","9","6","117.9","109"
"","Gabe Vincent","Lal","G","28.6","33","19","11.8","13.2","8","0.5","50","0.46","94","0.319","0.472","0.475","4.2","1.3","1","0.8","0.2","0.7","5.6","5.2","6.5","3.7","93.2","110.8"
"","Kyle Lowry","Phi","G","38.8","25","19.9","10.3","17.1","25","0.8","22","0.409","65","0.338","0.483","0.531","4.2","1.8","2.7","1","0.3","0.7","6","6.9","8.7","5.5","115.6","107.7"
"","Mo Bamba","Lac","C","26.7","21","12.4","16","14.4","15","0.733","40","0.6","37","0.243","0.487","0.514","4.1","4.2","0.6","0.4","1","0.6","8.3","4.7","8.9","7","103.1","94.9"
"","Isaiah Collier","Uta","G","20.3","30","19.7","15.8","33.6","25","0.56","84","0.452","56","0.196","0.389","0.407","4.1","2.6","4.2","0.7","0.2","2.4","6.7","8.3","10.9","7.2","84.3","111.9"
"","Cody Williams","Uta","F","20.2","23","20.7","11.9","15.2","21","0.667","51","0.373","55","0.255","0.377","0.408","4.1","2.2","1.3","0.5","0.3","0.8","6.3","5.3","7.6","4.4","89.2","115.1"
"","Thomas Bryant","Mia","C-F","27.5","10","11.5","13.4","6.6","11","1","11","0.545","17","0.353","0.536","0.624","4.1","3.2","0.4","0.1","0.9","0.2","7.3","4.5","7.7","6","130.9","104.9"
"","Gary Harris","Orl","G","30.3","20","16.3","11.3","11.1","8","0.5","18","0.556","54","0.352","0.535","0.536","4.1","1.3","0.5","0.7","0.3","0.5","5.3","4.6","5.8","3.4","104.9","109.6"
"","Cam Spencer","Mem","G","24.8","10","12.1","12.8","14.1","9","1","14","0.571","16","0.313","0.517","0.589","4","1.7","1.6","0.3","0.1","0.5","5.7","5.6","7.3","7.3","125.9","107.2"
"","JT Thor","Cle","F","22.4","7","4.7","25.7","24.4","8","0.875","8","0.75","4","0.75","0.875","0.902","4","0.9","0","0.3","0.4","0.6","4.9","4","4.9","0","134.9","101.7"
"","Josh Richardson","Mia","G","31.3","8","18.7","14.1","17.2","4","1","16","0.313","22","0.273","0.368","0.402","4","1.5","1.5","1","0.1","1","5.5","5.5","7","4.4","86.9","104.4"
"","Mason Plumlee","Pho","F-C","34.9","38","17.9","10.6","25","62","0.613","101","0.564","1","0","0.559","0.588","4","6.4","1.9","0.4","0.8","0.9","10.4","5.9","12.3","8.2","122.9","103.9"
"","Reggie Jackson","Phi","G","34.8","23","11.8","17.6","16","7","0.857","35","0.429","54","0.352","0.489","0.505","4","1.3","1.6","0.5","0.1","0.7","5.3","5.7","7","6.9","101.9","108.3"
"","Aaron Holiday","Hou","G","28.3","27","10.5","14.6","11.8","17","0.882","31","0.484","51","0.392","0.549","0.587","3.9","0.9","1.1","0.3","0.1","0.4","4.8","5","5.9","6","122.2","105.9"
"","Rob Dillingham","Min","G","20","15","8.5","23","23.9","0","0","30","0.467","21","0.429","0.539","0.539","3.7","0.7","1.7","0.1","0","1.1","4.4","5.3","6.1","7.7","97","112.6"
"","Dalen Terry","Chi","F","22.5","37","13.1","13.2","22.4","36","0.694","68","0.529","39","0.333","0.519","0.554","3.7","1.5","1.1","0.5","0.2","0.8","5.1","4.8","6.2","5.6","102.9","109.7"
"","DeAndre Jordan","Den","C","36.5","27","11.3","13.3","21.1","27","0.37","67","0.642","0","0","0.642","0.609","3.6","4.3","0.9","0.3","0.4","0.7","7.9","4.4","8.8","8.5","116","102.1"
"","Andre Jackson Jr.","Mil","G","23.2","37","17.3","11.4","24","13","0.538","67","0.493","56","0.357","0.512","0.517","3.6","3.1","1.4","0.6","0.3","1.1","6.7","5","8.1","5.8","102","101.9"
"","Blake Wesley","San","G","21.8","25","10.6","17.7","22.9","21","0.714","56","0.554","21","0.19","0.481","0.516","3.6","0.9","1.9","0.4","0.1","0.9","4.4","5.4","6.3","6.9","101","112.9"
"","Jeff Dowtin Jr.","Phi","G","27.7","16","10.4","15.6","5.6","13","0.692","36","0.5","14","0.286","0.48","0.511","3.6","1.3","1","0.4","0.1","0.2","4.8","4.6","5.8","6.4","112.5","111.4"
"","Jae'Sean Tate","Hou","F","29.2","21","10.1","14.7","13.8","25","0.64","40","0.525","16","0.375","0.536","0.567","3.6","2.2","0.8","0.6","0","0.4","5.8","4.4","6.6","7.3","118.4","91.7"
"","Tre Jones","San","G","25","20","16.6","10.5","17.7","18","0.778","42","0.548","18","0.222","0.483","0.53","3.6","2.3","3.8","0.8","0.2","0.7","5.9","7.4","9.7","7.6","127.1","108.3"
"","Doug McDermott","Sac","F","33","25","8.7","15.5","5.2","5","0.6","10","0.5","63","0.413","0.603","0.605","3.6","0.6","0.2","0.2","0","0.2","4.3","3.8","4.4","3.5","115.4","109.3"
"","Micah Potter","Uta","C","26.8","15","17.1","9.3","18","3","1","8","0.625","37","0.351","0.544","0.561","3.5","3.9","0.9","0.3","0.4","0.7","7.3","4.3","8.2","5.4","112.1","115.1"
"","Bol Bol","Pho","C-F","25.2","8","6.2","22.1","13.5","6","0.667","11","0.818","8","0.25","0.632","0.647","3.5","1.5","0.1","0","0.3","0.4","5","3.6","5.1","5.2","115.7","119.3"
"","Luka Garza","Min","C","26.1","11","4.6","29.7","9.6","8","0.625","20","0.7","8","0.25","0.607","0.619","3.5","1","0.1","0.1","0","0.3","4.5","3.6","4.6","6.1","112.7","101.7"
"","Isaac Jones","Sac","F","24.5","22","8","16.8","18.3","20","0.55","45","0.689","4","0.25","0.663","0.657","3.5","1.4","0.2","0.1","0.4","0.5","4.9","3.6","5","5","112.9","105.4"
"","Dariq Whitehead","Bro","G-F","20.5","6","5.2","23.8","17.6","0","0","1","0","13","0.538","0.75","0.75","3.5","0.5","0.2","0.5","0.2","0.5","4","3.7","4.2","5.4","106.5","110.3"
"","Wendell Moore Jr.","Det","G","23.3","17","12.4","12.8","15.7","14","0.929","35","0.543","13","0.231","0.49","0.554","3.5","2.6","1.3","0.6","0.2","0.5","6.1","4.8","7.4","7.4","117.3","108.4"
"","Jeff Green","Hou","F","38.4","11","8.5","13.9","10.6","8","0.75","10","0.8","15","0.333","0.62","0.649","3.4","1.2","0.1","0.3","0","0.3","4.5","3.5","4.6","3.5","122.6","103.6"
"","Cam Reddish","Lal","F-G","25.4","29","18.6","8.6","12.3","21","0.619","40","0.575","45","0.289","0.5","0.52","3.4","2.1","0.8","1","0.3","0.4","5.5","4.2","6.3","3.8","107.4","111.1"
"","Moussa Diabate","Cha","F","23","30","17.9","8.9","26.2","25","0.44","76","0.605","0","0","0.605","0.592","3.4","6.8","0.6","0.6","0.7","0.9","10.3","4.1","10.9","5.4","116.7","105.3"
"","Brandon Williams","Dal","G","25.1","11","6.4","22.4","15.5","11","0.727","18","0.556","9","0.333","0.537","0.581","3.4","0.7","0.5","0.1","0","0.5","4.1","3.9","4.6","6.6","109.9","113.4"
"","Bruno Fernando","Tor","F-C","26.4","17","8.6","19","22.1","8","0.75","49","0.531","0","0","0.531","0.552","3.4","3","1.1","0.2","0.5","0.8","6.4","4.5","7.5","10.4","107","100.2"
"","Jevon Carter","Chi","G","29.3","18","6.6","19.6","11.5","8","0.75","15","0.533","31","0.419","0.598","0.616","3.4","0.8","0.8","0.3","0.1","0.3","4.2","4.2","5","7.9","117.1","117.5"
"","Dario Saric","Den","F-C","30.8","12","14.4","16.2","21.8","6","0.833","26","0.346","24","0.25","0.36","0.389","3.4","3.6","1.4","0.6","0.1","1.2","7","4.8","8.4","7.2","84.9","105.2"
"","Shake Milton","Lal","G","28.3","4","11.2","16.4","19.6","4","0.75","3","0.667","9","0.222","0.417","0.472","3.3","2.5","1","0","0.3","0.8","5.8","4.3","6.8","7.2","92.5","114.4"
"","Kobe Brown","Lac","F","25","11","7.6","16.8","3.2","4","0.75","22","0.545","8","0.375","0.55","0.567","3.3","2.4","0.5","0.1","0.1","0.1","5.6","3.8","6.2","8.3","125.1","102.3"
"","Reed Sheppard","Hou","G","20.6","30","11.6","16.4","13.2","6","0.833","50","0.38","68","0.279","0.403","0.414","3.3","1.3","1.2","0.5","0.3","0.6","4.6","4.5","5.8","6","92.7","104.7"
"","Jabari Walker","Por","F","22.5","27","9.6","16.1","15.2","18","0.722","54","0.556","24","0.208","0.481","0.512","3.3","2.7","0.5","0.3","0.1","0.5","6","3.7","6.4","6.9","103.7","108.6"
"","Nicolas Batum","Lac","G-F","36.1","38","17.9","8.5","15.5","13","0.769","21","0.429","88","0.375","0.537","0.554","3.3","2.8","1.5","0.6","0.4","0.5","6.1","4.8","7.6","5.4","116.5","105.5"
"","Moses Brown","Ind","C","25.3","9","5.1","26.8","22.8","5","0.6","20","0.65","0","0","0.65","0.653","3.2","1.4","0","0.2","0.1","0.7","4.7","3.2","4.7","0","98.4","102.7"
"","Drew Peterson","Bos","F","25.2","11","9.9","11.9","18.3","7","0.857","5","0.8","17","0.412","0.659","0.698","3.2","2.1","0.7","0.2","0.2","0.5","5.3","3.9","6","6.8","130","104.1"
"","Jalen Pickett","Den","G","25.2","13","7.8","14.7","16.9","1","1","11","0.636","18","0.5","0.707","0.713","3.2","0.9","1.6","0.1","0.1","0.5","4.2","4.8","5.8","8.5","132.2","109"
"","Maxwell Lewis","Bro","F","22.5","1","1.1","40","0","0","0","0","0","1","1","1.5","1.5","3","0","0","0","0","0","3","3","3","0","0","0"
"","A.J. Lawson","Tor","G","24.5","3","4.5","24.3","0","2","0.5","2","0.5","5","0.4","0.571","0.571","3","1","0","0","0","0","4","3","4","0","118.2","125.2"
"","Oscar Tshiebwe","Uta","F-C","25.1","2","16.9","5.8","43.6","6","0.667","1","1","0","0","1","0.824","3","7","0","2","0","0.5","10","3","10","0","146.8","82.9"
"","Taze Moore","Por","G","26.5","2","10","27","16.4","2","0.5","6","0.167","4","0.25","0.25","0.276","3","4","0.5","1","0","1","7","3.5","7.5","7.3","71.4","117"
"","David Duke Jr.","San","G","25.3","1","8.2","25.5","0","2","0.5","3","0.333","1","0","0.25","0.307","3","0","2","0","0","0","3","5","5","0","88.5","109.3"
"","Collin Gillespie","Pho","G","25.6","1","3.5","25.3","0","0","0","1","0","1","1","0.75","0.75","3","0","0","0","0","0","3","3","3","0","0","0"
"","John Konchar","Mem","G","28.8","21","14.8","9","14.6","6","0.833","17","0.647","41","0.293","0.5","0.519","3","4.4","1.2","0.6","0.5","0.5","7.4","4.2","8.6","6.8","118.3","104.4"
"","Jae Crowder","Sac","F","34.5","7","13.1","11","18.7","6","0.833","5","0.6","12","0.25","0.441","0.509","2.9","2.4","0.6","0.4","0","0.6","5.3","3.4","5.9","4.9","105.3","105.9"
"","Josh Minott","Min","F","22.1","25","7.2","16.4","10.9","9","0.778","32","0.75","25","0.24","0.579","0.599","2.9","1.2","0.5","0.4","0.4","0.3","4.1","3.4","4.6","6.7","117.2","98.2"
"","Ousmane Dieng","Okc","F","21.7","20","10.2","15.7","7.1","11","0.636","27","0.444","38","0.237","0.392","0.415","2.9","2.4","0.7","0.7","0.2","0.3","5.3","3.6","6","6.6","95.5","96.4"
"","Jock Landale","Hou","C","29.2","20","9.2","16.1","15.8","20","0.55","46","0.413","7","0.429","0.443","0.469","2.9","2.7","0.8","0.2","0.4","0.5","5.6","3.7","6.3","8","105.2","103.6"
"","Maxi Kleber","Dal","F","33","28","19.3","7.7","20.6","14","0.786","37","0.514","36","0.306","0.486","0.518","2.9","3","1.1","0.3","0.4","0.7","6","4","7","4.4","105.6","107.6"
"","Landry Shamet","Nyk","G","27.8","12","11.5","13.3","9.5","0","0","18","0.611","20","0.2","0.447","0.447","2.8","0.8","0.5","0.6","0.1","0.3","3.6","3.3","4.1","3.6","91.6","111.4"
"","Rayan Rupert","Por","G-F","20.6","28","9.1","15.1","16.4","16","0.75","39","0.513","32","0.281","0.472","0.506","2.8","1.3","0.5","0.3","0.1","0.5","4.1","3.3","4.6","5.4","101.9","116.8"
"","Caleb Houstan","Orl","G","22","28","11.1","11.6","6.2","7","1","10","0.4","65","0.323","0.473","0.499","2.8","0.8","0.4","0.3","0.1","0.2","3.6","3.1","3.9","3.5","105.9","105.3"
"","Quinten Post","Gol","C","24.8","3","4.2","24.7","0","1","1","3","0.667","4","0.25","0.5","0.538","2.7","0.3","0.3","0","0","0","3","3","3.3","5.9","121.7","122.4"
"","Johnny Davis","Was","G","22.9","27","7.7","15.3","5.5","11","0.636","42","0.524","26","0.269","0.478","0.494","2.7","1.2","0.3","0.5","0.2","0.1","3.9","3","4.2","5.1","103.8","115.5"
"","Delon Wright","Mil","G","32.7","24","15.7","11","14.6","14","0.571","31","0.323","45","0.267","0.368","0.389","2.7","1.8","1.8","0.8","0.3","0.5","4.5","4.5","6.3","5.2","97.5","111.2"
"","Steven Adams","Hou","C","31.5","25","10.7","13.5","36.5","38","0.368","45","0.6","0","0","0.6","0.551","2.7","4.6","1","0.2","0.2","1","7.3","3.7","8.3","8.7","105.9","100.6"
"","Richaun Holmes","Was","F","31.3","7","8.5","14.8","10.3","5","0.8","16","0.438","1","0","0.412","0.469","2.6","2.9","0.1","0","0.6","0.3","5.4","2.7","5.6","4.3","103.8","114.8"
"","E.J. Liddell","Chi","F","24.1","6","5.1","14.9","19.2","2","1","2","1","6","0.5","0.813","0.845","2.5","0.8","0.5","0.2","0","0.3","3.3","3","3.8","7.8","138.3","92.9"
"","Taj Gibson","Cha","F","39.6","15","10.6","12.3","20.8","8","0.625","32","0.469","2","0.5","0.485","0.506","2.5","3","0.5","0.4","0.3","0.6","5.5","3","6","5.9","104.3","104.9"
"","Pat Spencer","Gol","G","28.5","16","6.8","19.5","19.4","10","0.7","30","0.5","7","0.143","0.446","0.483","2.5","1.3","1.5","0.5","0.1","0.6","3.8","4","5.3","10","106.1","106.9"
"","Reece Beekman","Bro","G","23.3","11","9.8","15.6","22.1","5","0.6","18","0.389","10","0.3","0.411","0.43","2.4","0.4","1.1","0.3","0.2","0.7","2.7","3.5","3.8","4.2","84","119.8"
"","Trey Jemison","Nor","C","25.1","16","10.4","13","23.7","21","0.381","32","0.469","0","0","0.469","0.461","2.4","2.8","0.6","0.4","0.4","0.6","5.1","3","5.8","6.1","98.5","104.5"
"","Duop Reath","Por","C","28.6","18","6.2","17.1","6.9","6","0.667","10","0.5","30","0.333","0.5","0.516","2.4","1.1","0.3","0","0.1","0.2","3.5","2.7","3.8","6","111.7","112.8"
"","Olivier-Maxence Prosper","Dal","F","22.5","29","7.1","16.4","7.4","29","0.586","43","0.442","19","0.263","0.427","0.468","2.4","1.8","0.5","0.3","0.1","0.2","4.2","2.9","4.8","7.3","111.9","110.8"
"","Chris Duarte","Chi","G","27.6","15","4.8","17.2","3.8","8","0.75","11","0.545","14","0.429","0.6","0.631","2.4","1.3","0.5","0","0","0.1","3.7","2.9","4.2","9.7","137.1","110.9"
"","Damion Lee","Pho","G-F","32.2","8","6","25.5","12.3","8","1","9","0.444","12","0.083","0.262","0.387","2.4","0.8","0.6","0.3","0","0.4","3.1","3","3.8","7","85.7","116.5"
"","Craig Porter","Cle","G","24.9","23","7.8","12.2","20.7","7","0.714","27","0.593","11","0.455","0.618","0.633","2.3","0.7","1","0.2","0.3","0.4","3","3.3","4","6","118","112"
"","Lester Quinones","Phi","G","24.2","4","4.3","32.2","32.2","1","1","5","0.8","3","0","0.5","0.533","2.3","1","0.3","0","0","1","3.3","2.5","3.5","8.2","83.9","121.8"
"","Gui Santos","Gol","F","22.6","15","8.3","13.1","24.8","6","0.5","8","0.625","19","0.368","0.574","0.574","2.3","1.5","0.9","0.3","0.2","0.6","3.8","3.1","4.7","7","107.4","102.1"
"","Vlatko Cancar","Den","F","27.8","4","8.6","11","22.2","0","0","5","0.6","2","0.5","0.643","0.643","2.3","2","0","0","0.3","0.5","4.3","2.3","4.3","0","106.2","106.5"
"","Tristan Thompson","Cle","C-F","33.8","16","6.5","18.5","15.7","16","0.25","31","0.516","1","0","0.5","0.461","2.3","2.3","0.3","0","0.3","0.4","4.5","2.5","4.8","7.2","93.5","103.3"
"","Johnny Furphy","Ind","G","20.1","27","8","13.4","14","7","1","23","0.435","32","0.344","0.482","0.517","2.2","1.1","0.3","0.3","0.2","0.3","3.4","2.6","3.7","4.5","103.9","110.5"
"","Patrick Baldwin Jr.","Was","F","22.2","19","4.1","16.8","9.9","4","0.5","10","0.6","17","0.529","0.722","0.713","2.2","0.8","0.1","0.1","0.1","0.2","2.9","2.2","3","5.5","124.3","118.3"
"","Kai Jones","Lac","C-F","24","23","8","10.4","22.9","12","0.75","28","0.75","2","0","0.7","0.723","2.2","1.8","0.4","0.3","0.5","0.4","4","2.7","4.4","5.8","128.3","100.7"
"","Orlando Robinson","Sac","C","24.5","9","6.3","18.1","18.8","7","0.571","12","0.5","5","0.2","0.441","0.473","2.1","1.6","1","0.3","0.1","0.4","3.7","3.1","4.7","9.5","101.6","103"
"","Christian Koloko","Lal","C","24.6","21","9.6","9.5","16.5","4","0.75","33","0.636","2","0","0.6","0.612","2.1","2.5","0.3","0.3","0.4","0.3","4.7","2.5","5","4.8","126.3","105.2"
"","Tyler Kolek","Nyk","G","23.8","24","5.7","17.4","15.3","6","1","18","0.389","26","0.385","0.5","0.536","2.1","0.6","0.8","0.3","0","0.3","2.7","2.8","3.4","7","108.2","107.7"
"","Hunter Tyson","Den","F","24.6","28","8","11.7","16.3","15","0.867","20","0.55","26","0.308","0.5","0.561","2.1","1.5","0.4","0.1","0.1","0.3","3.6","2.5","4","5.4","110.9","103.5"
"","Anthony Gill","Was","F","32.2","28","6.3","13.4","13","24","0.625","26","0.538","14","0.357","0.538","0.574","2.1","1","0.3","0.2","0","0.2","3","2.3","3.3","5.4","112","116.1"
"","Jordan McLaughlin","Sac","G","28.8","25","7","14.4","20.6","14","0.714","17","0.353","25","0.4","0.5","0.54","2.1","0.8","0.9","0.4","0","0.4","2.9","3","3.8","6.6","106.6","109"
"","Cory Joseph","Orl","G","33.4","24","7.3","15.1","14.9","2","0.5","16","0.313","35","0.371","0.48","0.482","2.1","0.9","0.9","0.3","0.1","0.4","3","3","3.9","6.5","101.1","105.7"
"","Keshad Johnson","Mia","F","23.6","7","6.9","12.6","16.5","4","0.25","6","0.833","4","0.25","0.65","0.595","2","2","0.3","0.1","0.6","0.3","4","2.3","4.3","6.2","103.6","102.3"
"","TyTy Washington Jr.","Pho","G","23.2","4","6.9","11.2","14.3","0","0","3","0.333","3","0.667","0.667","0.667","2","0.3","1","0.5","0","0.3","2.3","3","3.3","4.9","128.1","121.7"
"","Jalen Hood-Schifino","Lal","G","21.6","2","7.1","9","41","2","1","1","1","0","0","1","1.064","2","0.5","0.5","0","0.5","0.5","2.5","2.5","3","4.5","150.9","102.1"
"","Markieff Morris","Dal","F","35.4","5","5","27.2","12.5","0","0","7","0.286","7","0.286","0.357","0.357","2","1.2","0.6","0","0.2","0.4","3.2","2.6","3.8","9","75.1","111"
"","Adama Sanogo","Chi","F","22.9","4","5.4","15.5","12.5","0","0","7","0.571","0","0","0.571","0.571","2","1.5","0.3","0","0","0.3","3.5","2.3","3.8","7.2","126.5","120.4"
"","Alex Reese","Okc","F-G","25.7","1","1.9","22.5","0","0","0","1","1","0","0","1","1","2","1","0","0","0","0","3","2","3","0","0","0"
"","Tyler Smith","Mil","F","20.2","11","3.5","20.5","17.4","2","0.5","6","1","8","0.375","0.75","0.739","2","0.9","0.1","0","0.3","0.3","2.9","2.1","3","6.5","0","0"
"","Dillon Jones","Okc","F","23.2","26","8.1","15.4","12.8","12","0.5","25","0.52","36","0.194","0.385","0.4","2","1.8","0.7","0.2","0.1","0.3","3.8","2.7","4.5","6.7","93.9","98.7"
"","Adem Bona","Phi","F","21.8","23","8.4","10.7","39.1","20","0.75","23","0.652","0","0","0.652","0.708","2","2","0.2","0.1","0.7","0.7","4","2.2","4.2","4.4","108.4","98.1"
"","MarJon Beauchamp","Mil","F","24.3","19","4.4","26.1","25.9","8","0.875","18","0.5","16","0.25","0.441","0.493","1.9","1.1","0.1","0.1","0.1","0.6","3","2.1","3.1","5.4","79.5","107.8"
"","Matt Ryan","Nyk","F","27.7","14","4","22.6","10.5","2","1","9","0.444","16","0.313","0.46","0.483","1.8","0.4","0","0.1","0","0.2","2.1","1.8","2.1","0","86.8","117.5"
"","Enrique Freeman","Ind","F","24.5","18","7.5","11.4","16.5","13","0.538","19","0.579","6","0.167","0.5","0.521","1.8","1","0.4","0.1","0.1","0.3","2.8","2.2","3.2","4.8","103.8","108.3"
"","Jaylon Tyson","Cle","G-F","22.1","23","6.8","14.9","19.5","8","0.5","26","0.5","15","0.267","0.463","0.472","1.8","1.5","0.7","0.2","0","0.4","3.3","2.5","4","7.3","101.9","98.8"
"","Nate Williams","Hou","G","25.9","4","3.3","18.9","16.7","0","0","2","1","3","0.333","0.7","0.7","1.8","0.8","0","0.3","0.3","0.3","2.5","1.8","2.5","0","0","0"
"","Jordan Walsh","Bos","G","20.9","26","8.8","11","12.9","10","0.5","15","0.533","32","0.25","0.426","0.438","1.7","1.3","0.3","0.3","0.3","0.3","3","2","3.3","4","96","107.8"
"","Jericho Sims","Nyk","C","26.2","32","11.6","7.2","33.2","9","0.667","38","0.632","0","0","0.632","0.643","1.7","3.6","0.6","0.2","0.3","0.6","5.3","2.3","5.9","5.3","121.8","104.2"
"","Ariel Hukporti","Nyk","C","22.8","14","8.4","11.4","40.4","8","0.5","16","0.625","0","0","0.625","0.615","1.7","2","0.4","0","0.8","0.8","3.7","2.1","4.1","5.3","89.3","102.9"
"","Pacome Dadiet","Nyk","F","19.5","12","6.8","11.7","4.7","2","1","6","0.167","14","0.357","0.425","0.455","1.6","1.1","0.4","0.1","0.2","0.1","2.7","2","3.1","5.2","102.3","111"
"","Jazian Gortman","Dal","G","21.8","15","3.7","23","17.7","4","0.5","12","0.417","11","0.364","0.478","0.485","1.6","0.3","0.4","0.1","0.1","0.3","1.9","2","2.3","6.2","0","0"
"","Alex Len","Sac","C","31.6","30","7.3","10.3","18.7","11","0.545","35","0.6","4","0","0.538","0.547","1.6","1.9","0.9","0.2","0.6","0.3","3.5","2.5","4.4","7.7","122.2","102.8"
"","Elijah Harkless","Uta","G","24.9","2","14","11.9","14.3","2","0","1","0","5","0.2","0.25","0.218","1.5","3.5","0.5","0.5","0","0.5","5","2","5.5","3.9","63.3","93.1"
"","Pete Nance","Phi","F","24.9","2","10.4","8.5","0","0","0","1","0","3","0.333","0.375","0.375","1.5","1","0.5","0.5","0","0","2.5","2","3","3.5","92.2","96.2"
"","Quincy Olivari","Lal","G","23.6","2","5.2","25.5","16.7","0","0","0","0","5","0.2","0.3","0.3","1.5","0","0.5","0","0","0.5","1.5","2","2","0","60.9","125.3"
"","Branden Carlson","Okc","C","25.6","10","3.8","17.9","6.5","2","1","4","0.5","10","0.3","0.464","0.504","1.5","1.2","0.3","0.1","0.2","0.1","2.7","1.8","3","8.6","0","0"
"","Armel Traore","Lal","F","22","8","7.7","16.5","9.9","7","0.286","11","0.455","7","0","0.278","0.285","1.5","1.8","0.1","0.5","0.3","0.3","3.3","1.6","3.4","3.4","60.1","104.6"
"","Terrence Shannon Jr.","Min","G-F","24.5","10","4.6","15.4","18.8","0","0","10","0.6","3","0.333","0.577","0.577","1.5","0.2","0.5","0.2","0.1","0.3","1.7","2","2.2","4.6","103.2","113.9"
"","Yuki Kawamura","Mem","G","23.7","16","3.4","20.2","15.8","6","0.667","6","0.667","15","0.267","0.476","0.508","1.5","0.4","0.8","0.1","0","0.3","1.9","2.3","2.6","9.2","0","0"
"","Dwight Powell","Dal","F-C","33.5","31","7.8","6.5","28.8","30","0.667","16","0.75","1","1","0.794","0.778","1.5","1.9","0.7","0.4","0.5","0.2","3.4","2.2","4.1","6.5","154.2","99.2"
"","Colin Castleton","Mem","C","24.6","10","4.6","13.6","8.8","11","0.909","6","0.333","4","0","0.2","0.472","1.4","0.9","0","0.1","0.1","0.1","2.3","1.4","2.3","0","110.3","102.3"
"","AJ Johnson","Mil","G","20.1","5","2.1","32.6","25","0","0","5","0.4","1","1","0.583","0.583","1.4","0.4","0.2","0","0","0.4","1.8","1.6","2","9.2","0","0"
"","Adam Flagler","Okc","G","25.1","11","3.6","21.4","0","0","0","1","0","19","0.263","0.375","0.375","1.4","0.5","0","0.2","0","0","1.9","1.4","1.9","0","0","0"
"","Jack McVeigh","Hou","G-F","28.6","6","3.6","23.1","8.3","0","0","3","0.333","8","0.25","0.364","0.364","1.3","0.7","0.2","0","0.2","0.2","2","1.5","2.2","6.3","0","0"
"","Luke Travers","Cle","F","23.4","6","6.9","10.2","21.2","2","1","4","0.75","3","0","0.429","0.508","1.3","1","0.8","0.2","0.2","0.3","2.3","2.2","3.2","5.9","108.8","108.7"
"","Karlo Matkovic","Nor","F-C","23.8","6","7.4","11.3","33.3","0","0","7","0.571","1","0","0.5","0.5","1.3","2.3","0.2","0.7","0.5","0.7","3.7","1.5","3.8","4.6","90.3","109.2"
"","Jaden Springer","Bos","G","22.3","16","4.1","14.7","12.2","15","0.8","10","0.4","4","0","0.286","0.485","1.3","0.9","0.3","0.3","0","0.1","2.1","1.6","2.4","6.9","114.9","93.8"
"","Zeke Nnaji","Den","F-C","24","22","4.5","15.7","11.7","7","0.429","21","0.619","9","0","0.433","0.438","1.3","0.4","0.2","0","0.1","0.2","1.7","1.5","1.9","4.2","86.8","111.2"
"","Sidy Cissoko","San","G","20.8","13","3.2","16.3","7.1","4","0","7","0.429","6","0.5","0.577","0.508","1.2","0.6","0.5","0","0","0.1","1.8","1.6","2.2","8.9","0","0"
"","JD Davison","Bos","G","22.3","5","4.7","21.7","53.5","2","0.5","2","0.5","3","0.333","0.5","0.51","1.2","0.4","0.2","0.2","0","1.2","1.6","1.4","1.8","3.9","50.6","110.5"
"","Colby Jones","Sac","G","22.6","23","5.3","11.3","21.9","0","0","16","0.438","9","0.444","0.52","0.52","1.1","0.9","0.2","0.2","0.3","0.3","2","1.3","2.2","4.4","94.1","105.7"
"","Xavier Tillman","Bos","F","26","23","7.6","11.1","18.1","2","0.5","17","0.353","19","0.211","0.333","0.339","1.1","1.5","0.3","0.3","0.2","0.3","2.6","1.4","2.9","4.2","77","104.8"
"","RayJ Dennis","Ind","G","23.8","2","1.7","37.8","41","2","1","0","0","1","0","0","0.532","1","0","0","0.5","0","0.5","1","1","1","0","0","0"
"","Josh Christopher","Mia","G","23.1","5","4","17.4","55.4","2","0.5","2","1","1","0","0.667","0.644","1","0.4","0.8","0","0.2","0.8","1.4","1.8","2.2","6.8","79.5","112.5"
"","Jared Rhoden","Cha","G","25.4","4","2.9","32.4","11.1","0","0","6","0.333","2","0","0.25","0.25","1","1","0.5","0.3","0","0.3","2","1.5","2.5","10.9","0","0"
"","Jaylen Martin","Bro","G","21","3","1.6","18.7","0","0","0","1","0","1","1","0.75","0.75","1","0","0","0","0","0","1","1","1","0","0","0"
"","Reece Beekman","Gol","G","23.3","2","2.1","10.2","0","0","0","1","1","0","0","1","1","1","0.5","0.5","0.5","0","0","1.5","1.5","2","12","0","0"
"","Mouhamed Gueye","Atl","F","22.2","2","5.7","17.8","20","0","0","2","0.5","2","0","0.25","0.25","1","1","0","0","0","0.5","2","1","2","0","41.8","120.6"
"","James Johnson","Ind","F","37.9","8","3.3","18.7","36.4","1","0","6","0.667","1","0","0.571","0.538","1","0.5","0.4","0","0.3","0.5","1.5","1.4","1.9","7.1","0","0"
"","Dominick Barlow","Atl","F","21.6","7","4.3","10.6","0","2","0.5","5","0.2","2","0.5","0.357","0.381","0.9","0.6","0.1","0.1","0","0","1.4","1","1.6","3.5","89.1","112.9"
"","PJ Dozier","Min","G-F","28.2","9","3.9","8.3","24.5","6","0.167","0","0","3","0.667","1","0.621","0.8","0.6","0.6","0.1","0","0.1","1.3","1.3","1.9","6.8","0","0"
"","Ulrich Chomche","Tor","C","19","5","3.8","11.1","40","0","0","3","0.667","0","0","0.667","0.667","0.8","0.8","0.2","0","0","0.4","1.6","1","1.8","5.3","0","0"
"","Baylor Scheierman","Bos","G","24.3","5","6.8","13.8","0","2","1","4","0.25","6","0","0.1","0.184","0.8","1.4","0.4","0.2","0","0","2.2","1.2","2.6","4.5","68","104.4"
"","D.J. Carton","Tor","G","24.4","4","8.4","14.4","35","1","1","4","0.25","3","0","0.143","0.202","0.8","1","0.8","0.5","0","1","1.8","1.5","2.5","4.1","42.7","119.1"
"","Tristan Vukcevic","Was","F","21.9","3","2.3","24.4","0","0","0","1","1","3","0","0.25","0.25","0.7","0.3","0","0","0.3","0","1","0.7","1","0","0","0"
"","Leonard Miller","Min","F","21.1","3","2","28.3","29.1","2","1","1","0","1","0","0","0.347","0.7","1","0","0.3","0","0.3","1.7","0.7","1.7","0","0","0"
"","Bryce McGowens","Por","G","22.2","3","2.9","14.4","0","0","0","1","1","2","0","0.333","0.333","0.7","0.3","0.3","0","0","0","1","1","1.3","5.5","0","0"
"","PJ Hall","Den","C","22.9","6","2.3","15.5","0","0","0","3","0.667","2","0","0.4","0.4","0.7","0.5","0","0","0.2","0","1.2","0.7","1.2","0","0","0"
"","Trey Alexander","Den","G","21.7","13","4.4","11.8","6.5","2","1","7","0.286","7","0.143","0.25","0.302","0.7","0.2","0.4","0","0.1","0.1","0.9","1.1","1.3","3.5","79.1","114.1"
"","Tristen Newton","Ind","G","23.7","5","1.6","39.8","13.4","1","1","3","0.333","3","0","0.167","0.233","0.6","0","0.2","0","0","0.2","0.6","0.8","0.8","0","0","0"
"","Maxwell Lewis","Lal","F","22.5","7","4.2","11.9","25","0","0","6","0.333","0","0","0.333","0.333","0.6","0.3","0.3","0.1","0","0.3","0.9","0.9","1.1","3.6","76.6","119.7"
"","Cui Yongxi","Bro","F","21.6","5","2.1","33.7","0","2","0.5","4","0.25","3","0","0.143","0.19","0.6","0.4","0","0","0","0","1","0.6","1","0","0","0"
"","Garrett Temple","Tor","G-F","38.7","12","4.2","12.3","27.7","2","1","5","0.2","5","0.2","0.25","0.322","0.6","0.8","0.8","0.4","0.1","0.3","1.3","1.3","2.1","6.9","80.8","105.3"
"","Chris Livingston","Mil","F","21.3","4","2.1","15.4","33.3","0","0","2","0.5","0","0","0.5","0.5","0.5","0.8","0.3","0.3","0","0.3","1.3","0.8","1.5","9.4","0","0"
"","Stanley Umude","Mil","G","25.8","12","3.6","14.1","7.7","2","0","5","0","7","0.286","0.25","0.233","0.5","1.1","0.2","0.2","0.1","0.1","1.6","0.7","1.8","5.3","0","0"
"","Liam Robbins","Mil","C","25.5","11","4.6","12.7","32.9","6","0.333","6","0.333","2","0","0.25","0.282","0.5","1","0.2","0.1","0.2","0.4","1.5","0.7","1.7","4","74.2","102.1"
"","Jacob Toppin","Nyk","F","24.7","13","3","12.1","18.2","0","0","7","0.429","2","0","0.333","0.333","0.5","0.7","0.3","0.1","0","0.2","1.2","0.8","1.5","6.3","0","0"
"","Spencer Jones","Den","F","23.6","5","2.6","16.5","20","0","0","1","1","3","0","0.25","0.25","0.4","0.6","0","0.4","0","0.2","1","0.4","1","0","0","0"
"","Alex Ducas","Okc","G","24.1","7","2.8","11.1","0","0","0","1","0","4","0.25","0.3","0.3","0.4","0.1","0.1","0.1","0","0","0.6","0.6","0.7","2.3","0","0"
"","Bronny James","Lal","G","20.3","9","2.4","20.1","0","2","1","5","0.2","4","0","0.111","0.202","0.4","0.1","0.3","0.1","0.1","0","0.6","0.8","0.9","3.8","0","0"
"","Daishen Nix","Min","G","22.9","3","4.4","19.5","76.6","2","0.5","0","0","1","0","0","0.266","0.3","1.3","1","0","0","1.3","1.7","1.3","2.7","6.6","44.1","102.3"
"","Jalen Bridges","Pho","F","23.7","4","4.2","15.5","38.3","2","0.5","0","0","3","0","0","0.129","0.3","0.8","0","0","0","0.5","1","0.3","1","0","18.4","121.2"
"","Malevy Leons","Okc","F","25.3","6","3.5","9.7","31.1","4","0.5","1","0","1","0","0","0.266","0.3","0.5","0.2","0","0","0.2","0.8","0.5","1","3.6","0","0"
"","Tristen Newton","Min","G","23.7","1","1.3","0","0","0","0","0","0","0","0","0","0","0","1","0","0","0","0","1","0","1","0","0","0"
"","Jaylen Clark","Min","G","23.3","2","2.2","9.9","0","0","0","0","0","1","0","0","0","0","0","0","0","0","0","0","0","0","0","0","0"
"","Bobi Klintman","Det","F","21.9","1","4.3","0","0","0","0","0","0","0","0","0","0","0","2","0","0","0","0","2","0","2","0","0","57.5"
"","Isaiah Crawford","Sac","F","23.2","2","3.3","0","0","0","0","0","0","0","0","0","0","0","0.5","0","0","0","0","0.5","0","0.5","0","0","0"
"","Justin Minaya","Por","F","25.8","3","3.1","4.5","0","0","0","1","0","0","0","0","0","0","1","0.3","0.3","0","0","1","0.3","1.3","0","0","0"
"","Cole Swider","Det","F","25.7","2","6.6","16.3","0","0","0","0","0","5","0","0","0","0","1","0.5","0","0","0","1","0.5","1.5","0","15.2","111"
"","Mason Jones","Sac","G","26.5","3","4.2","6.8","0","0","0","0","0","2","0","0","0","0","1.3","2.3","0","0","0","1.3","2.3","3.7","0","133.5","108.1"
"","Harrison Ingram","San","F","22.1","1","6.8","6.3","0","0","0","1","0","0","0","0","0","0","1","0","0","0","0","1","0","1","0","0","101.9"
"","Riley Minix","San","F","24.3","1","6.8","6.3","0","0","0","0","0","1","0","0","0","0","2","0","0","0","0","2","0","2","0","0","113.2"
"","Daniss Jenkins","Det","G","23.4","3","2.7","26.7","20","0","0","0","0","4","0","0","0","0","0","0","0","0","0.3","0","0","0","0","0","0"
"","Mac McClung","Orl","G","26","1","4.9","0","0","0","0","0","0","0","0","0","0","0","1","2","0","0","0","1","2","3","0","0","112.8"
"","Kessler Edwards","Dal","F","24.4","12","2.2","11.3","14.3","0","0","2","0","4","0","0","0","0","0.2","0.1","0","0.1","0.1","0.2","0.1","0.3","0","0","0"
"","Joe Ingles","Min","F-G","37.3","8","3.3","5","33.3","0","0","0","0","2","0","0","0","0","0.3","1.1","0","0","0.1","0.3","1.1","1.4","0","0","0"

