Sexo;Isla;Edad;Periodo;Total
Ambos sexos;35 Palmas, Las;Total;2023;30.967
Ambos sexos;35 Palmas, Las;Total;2022;28.859
Ambos sexos;35 Palmas, Las;Total;2021;22.304
Ambos sexos;35 Palmas, Las;De 0 a 15 años;2023;4.609
Ambos sexos;35 Palmas, Las;De 0 a 15 años;2022;4.211
Ambos sexos;35 Palmas, Las;De 0 a 15 años;2021;2.887
Ambos sexos;35 Palmas, Las;De 16 a 24 años;2023;5.143
Ambos sexos;35 Palmas, Las;De 16 a 24 años;2022;4.799
Ambos sexos;35 Palmas, Las;De 16 a 24 años;2021;3.615
Ambos sexos;35 Palmas, Las;De 25 a 34 años;2023;6.396
Ambos sexos;35 Palmas, Las;De 25 a 34 años;2022;5.895
Ambos sexos;35 Palmas, Las;De 25 a 34 años;2021;4.260
Ambos sexos;35 Palmas, Las;De 35 a 44 años;2023;5.137
Ambos sexos;35 Palmas, Las;De 35 a 44 años;2022;4.830
Ambos sexos;35 Palmas, Las;De 35 a 44 años;2021;3.514
Ambos sexos;35 Palmas, Las;De 45 a 54 años;2023;4.148
Ambos sexos;35 Palmas, Las;De 45 a 54 años;2022;3.982
Ambos sexos;35 Palmas, Las;De 45 a 54 años;2021;3.165
Ambos sexos;35 Palmas, Las;De 55 a 64 años;2023;3.069
Ambos sexos;35 Palmas, Las;De 55 a 64 años;2022;2.905
Ambos sexos;35 Palmas, Las;De 55 a 64 años;2021;2.594
Ambos sexos;35 Palmas, Las;65 y más años;2023;2.465
Ambos sexos;35 Palmas, Las;65 y más años;2022;2.237
Ambos sexos;35 Palmas, Las;65 y más años;2021;2.269
Ambos sexos;Fuerteventura;Total;2023;6.240
Ambos sexos;Fuerteventura;Total;2022;6.434
Ambos sexos;Fuerteventura;Total;2021;4.585
Ambos sexos;Fuerteventura;De 0 a 15 años;2023;720
Ambos sexos;Fuerteventura;De 0 a 15 años;2022;730
Ambos sexos;Fuerteventura;De 0 a 15 años;2021;436
Ambos sexos;Fuerteventura;De 16 a 24 años;2023;991
Ambos sexos;Fuerteventura;De 16 a 24 años;2022;966
Ambos sexos;Fuerteventura;De 16 a 24 años;2021;605
Ambos sexos;Fuerteventura;De 25 a 34 años;2023;1.313
Ambos sexos;Fuerteventura;De 25 a 34 años;2022;1.370
Ambos sexos;Fuerteventura;De 25 a 34 años;2021;857
Ambos sexos;Fuerteventura;De 35 a 44 años;2023;1.042
Ambos sexos;Fuerteventura;De 35 a 44 años;2022;1.071
Ambos sexos;Fuerteventura;De 35 a 44 años;2021;729
Ambos sexos;Fuerteventura;De 45 a 54 años;2023;904
Ambos sexos;Fuerteventura;De 45 a 54 años;2022;948
Ambos sexos;Fuerteventura;De 45 a 54 años;2021;688
Ambos sexos;Fuerteventura;De 55 a 64 años;2023;715
Ambos sexos;Fuerteventura;De 55 a 64 años;2022;788
Ambos sexos;Fuerteventura;De 55 a 64 años;2021;654
Ambos sexos;Fuerteventura;65 y más años;2023;555
Ambos sexos;Fuerteventura;65 y más años;2022;561
Ambos sexos;Fuerteventura;65 y más años;2021;616
Ambos sexos;Gran Canaria;Total;2023;17.768
Ambos sexos;Gran Canaria;Total;2022;16.403
Ambos sexos;Gran Canaria;Total;2021;13.462
Ambos sexos;Gran Canaria;De 0 a 15 años;2023;2.928
Ambos sexos;Gran Canaria;De 0 a 15 años;2022;2.689
Ambos sexos;Gran Canaria;De 0 a 15 años;2021;1.988
Ambos sexos;Gran Canaria;De 16 a 24 años;2023;3.032
Ambos sexos;Gran Canaria;De 16 a 24 años;2022;2.899
Ambos sexos;Gran Canaria;De 16 a 24 años;2021;2.404
Ambos sexos;Gran Canaria;De 25 a 34 años;2023;3.520
Ambos sexos;Gran Canaria;De 25 a 34 años;2022;3.183
Ambos sexos;Gran Canaria;De 25 a 34 años;2021;2.665
Ambos sexos;Gran Canaria;De 35 a 44 años;2023;2.854
Ambos sexos;Gran Canaria;De 35 a 44 años;2022;2.720
Ambos sexos;Gran Canaria;De 35 a 44 años;2021;2.120
Ambos sexos;Gran Canaria;De 45 a 54 años;2023;2.304
Ambos sexos;Gran Canaria;De 45 a 54 años;2022;2.186
Ambos sexos;Gran Canaria;De 45 a 54 años;2021;1.811
Ambos sexos;Gran Canaria;De 55 a 64 años;2023;1.699
Ambos sexos;Gran Canaria;De 55 a 64 años;2022;1.529
Ambos sexos;Gran Canaria;De 55 a 64 años;2021;1.377
Ambos sexos;Gran Canaria;65 y más años;2023;1.431
Ambos sexos;Gran Canaria;65 y más años;2022;1.197
Ambos sexos;Gran Canaria;65 y más años;2021;1.097
Ambos sexos;Lanzarote;Total;2023;6.959
Ambos sexos;Lanzarote;Total;2022;6.022
Ambos sexos;Lanzarote;Total;2021;4.257
Ambos sexos;Lanzarote;De 0 a 15 años;2023;961
Ambos sexos;Lanzarote;De 0 a 15 años;2022;792
Ambos sexos;Lanzarote;De 0 a 15 años;2021;463
Ambos sexos;Lanzarote;De 16 a 24 años;2023;1.120
Ambos sexos;Lanzarote;De 16 a 24 años;2022;934
Ambos sexos;Lanzarote;De 16 a 24 años;2021;606
Ambos sexos;Lanzarote;De 25 a 34 años;2023;1.563
Ambos sexos;Lanzarote;De 25 a 34 años;2022;1.342
Ambos sexos;Lanzarote;De 25 a 34 años;2021;738
Ambos sexos;Lanzarote;De 35 a 44 años;2023;1.241
Ambos sexos;Lanzarote;De 35 a 44 años;2022;1.039
Ambos sexos;Lanzarote;De 35 a 44 años;2021;665
Ambos sexos;Lanzarote;De 45 a 54 años;2023;940
Ambos sexos;Lanzarote;De 45 a 54 años;2022;848
Ambos sexos;Lanzarote;De 45 a 54 años;2021;666
Ambos sexos;Lanzarote;De 55 a 64 años;2023;655
Ambos sexos;Lanzarote;De 55 a 64 años;2022;588
Ambos sexos;Lanzarote;De 55 a 64 años;2021;563
Ambos sexos;Lanzarote;65 y más años;2023;479
Ambos sexos;Lanzarote;65 y más años;2022;479
Ambos sexos;Lanzarote;65 y más años;2021;556
Ambos sexos;38 Santa Cruz de Tenerife;Total;2023;32.620
Ambos sexos;38 Santa Cruz de Tenerife;Total;2022;32.886
Ambos sexos;38 Santa Cruz de Tenerife;Total;2021;24.657
Ambos sexos;38 Santa Cruz de Tenerife;De 0 a 15 años;2023;4.780
Ambos sexos;38 Santa Cruz de Tenerife;De 0 a 15 años;2022;4.823
Ambos sexos;38 Santa Cruz de Tenerife;De 0 a 15 años;2021;3.010
Ambos sexos;38 Santa Cruz de Tenerife;De 16 a 24 años;2023;4.818
Ambos sexos;38 Santa Cruz de Tenerife;De 16 a 24 años;2022;4.678
Ambos sexos;38 Santa Cruz de Tenerife;De 16 a 24 años;2021;3.371
Ambos sexos;38 Santa Cruz de Tenerife;De 25 a 34 años;2023;6.280
Ambos sexos;38 Santa Cruz de Tenerife;De 25 a 34 años;2022;6.306
Ambos sexos;38 Santa Cruz de Tenerife;De 25 a 34 años;2021;4.506
Ambos sexos;38 Santa Cruz de Tenerife;De 35 a 44 años;2023;5.559
Ambos sexos;38 Santa Cruz de Tenerife;De 35 a 44 años;2022;5.608
Ambos sexos;38 Santa Cruz de Tenerife;De 35 a 44 años;2021;3.765
Ambos sexos;38 Santa Cruz de Tenerife;De 45 a 54 años;2023;4.620
Ambos sexos;38 Santa Cruz de Tenerife;De 45 a 54 años;2022;4.645
Ambos sexos;38 Santa Cruz de Tenerife;De 45 a 54 años;2021;3.471
Ambos sexos;38 Santa Cruz de Tenerife;De 55 a 64 años;2023;3.556
Ambos sexos;38 Santa Cruz de Tenerife;De 55 a 64 años;2022;3.694
Ambos sexos;38 Santa Cruz de Tenerife;De 55 a 64 años;2021;3.144
Ambos sexos;38 Santa Cruz de Tenerife;65 y más años;2023;3.007
Ambos sexos;38 Santa Cruz de Tenerife;65 y más años;2022;3.132
Ambos sexos;38 Santa Cruz de Tenerife;65 y más años;2021;3.390
Ambos sexos;Gomera, La;Total;2023;756
Ambos sexos;Gomera, La;Total;2022;711
Ambos sexos;Gomera, La;Total;2021;554
Ambos sexos;Gomera, La;De 0 a 15 años;2023;108
Ambos sexos;Gomera, La;De 0 a 15 años;2022;97
Ambos sexos;Gomera, La;De 0 a 15 años;2021;85
Ambos sexos;Gomera, La;De 16 a 24 años;2023;98
Ambos sexos;Gomera, La;De 16 a 24 años;2022;83
Ambos sexos;Gomera, La;De 16 a 24 años;2021;49
Ambos sexos;Gomera, La;De 25 a 34 años;2023;121
Ambos sexos;Gomera, La;De 25 a 34 años;2022;125
Ambos sexos;Gomera, La;De 25 a 34 años;2021;82
Ambos sexos;Gomera, La;De 35 a 44 años;2023;108
Ambos sexos;Gomera, La;De 35 a 44 años;2022;108
Ambos sexos;Gomera, La;De 35 a 44 años;2021;85
Ambos sexos;Gomera, La;De 45 a 54 años;2023;98
Ambos sexos;Gomera, La;De 45 a 54 años;2022;105
Ambos sexos;Gomera, La;De 45 a 54 años;2021;65
Ambos sexos;Gomera, La;De 55 a 64 años;2023;132
Ambos sexos;Gomera, La;De 55 a 64 años;2022;107
Ambos sexos;Gomera, La;De 55 a 64 años;2021;101
Ambos sexos;Gomera, La;65 y más años;2023;91
Ambos sexos;Gomera, La;65 y más años;2022;86
Ambos sexos;Gomera, La;65 y más años;2021;87
Ambos sexos;Hierro, El;Total;2023;449
Ambos sexos;Hierro, El;Total;2022;416
Ambos sexos;Hierro, El;Total;2021;269
Ambos sexos;Hierro, El;De 0 a 15 años;2023;69
Ambos sexos;Hierro, El;De 0 a 15 años;2022;68
Ambos sexos;Hierro, El;De 0 a 15 años;2021;38
Ambos sexos;Hierro, El;De 16 a 24 años;2023;82
Ambos sexos;Hierro, El;De 16 a 24 años;2022;50
Ambos sexos;Hierro, El;De 16 a 24 años;2021;40
Ambos sexos;Hierro, El;De 25 a 34 años;2023;93
Ambos sexos;Hierro, El;De 25 a 34 años;2022;96
Ambos sexos;Hierro, El;De 25 a 34 años;2021;48
Ambos sexos;Hierro, El;De 35 a 44 años;2023;65
Ambos sexos;Hierro, El;De 35 a 44 años;2022;54
Ambos sexos;Hierro, El;De 35 a 44 años;2021;34
Ambos sexos;Hierro, El;De 45 a 54 años;2023;61
Ambos sexos;Hierro, El;De 45 a 54 años;2022;53
Ambos sexos;Hierro, El;De 45 a 54 años;2021;44
Ambos sexos;Hierro, El;De 55 a 64 años;2023;49
Ambos sexos;Hierro, El;De 55 a 64 años;2022;61
Ambos sexos;Hierro, El;De 55 a 64 años;2021;34
Ambos sexos;Hierro, El;65 y más años;2023;30
Ambos sexos;Hierro, El;65 y más años;2022;34
Ambos sexos;Hierro, El;65 y más años;2021;31
Ambos sexos;Palma, La;Total;2023;2.481
Ambos sexos;Palma, La;Total;2022;2.237
Ambos sexos;Palma, La;Total;2021;1.872
Ambos sexos;Palma, La;De 0 a 15 años;2023;382
Ambos sexos;Palma, La;De 0 a 15 años;2022;306
Ambos sexos;Palma, La;De 0 a 15 años;2021;237
Ambos sexos;Palma, La;De 16 a 24 años;2023;382
Ambos sexos;Palma, La;De 16 a 24 años;2022;290
Ambos sexos;Palma, La;De 16 a 24 años;2021;214
Ambos sexos;Palma, La;De 25 a 34 años;2023;455
Ambos sexos;Palma, La;De 25 a 34 años;2022;397
Ambos sexos;Palma, La;De 25 a 34 años;2021;274
Ambos sexos;Palma, La;De 35 a 44 años;2023;374
Ambos sexos;Palma, La;De 35 a 44 años;2022;308
Ambos sexos;Palma, La;De 35 a 44 años;2021;272
Ambos sexos;Palma, La;De 45 a 54 años;2023;330
Ambos sexos;Palma, La;De 45 a 54 años;2022;308
Ambos sexos;Palma, La;De 45 a 54 años;2021;253
Ambos sexos;Palma, La;De 55 a 64 años;2023;298
Ambos sexos;Palma, La;De 55 a 64 años;2022;333
Ambos sexos;Palma, La;De 55 a 64 años;2021;302
Ambos sexos;Palma, La;65 y más años;2023;260
Ambos sexos;Palma, La;65 y más años;2022;295
Ambos sexos;Palma, La;65 y más años;2021;320
Ambos sexos;Tenerife;Total;2023;28.934
Ambos sexos;Tenerife;Total;2022;29.522
Ambos sexos;Tenerife;Total;2021;21.962
Ambos sexos;Tenerife;De 0 a 15 años;2023;4.221
Ambos sexos;Tenerife;De 0 a 15 años;2022;4.352
Ambos sexos;Tenerife;De 0 a 15 años;2021;2.650
Ambos sexos;Tenerife;De 16 a 24 años;2023;4.256
Ambos sexos;Tenerife;De 16 a 24 años;2022;4.255
Ambos sexos;Tenerife;De 16 a 24 años;2021;3.068
Ambos sexos;Tenerife;De 25 a 34 años;2023;5.611
Ambos sexos;Tenerife;De 25 a 34 años;2022;5.688
Ambos sexos;Tenerife;De 25 a 34 años;2021;4.102
Ambos sexos;Tenerife;De 35 a 44 años;2023;5.012
Ambos sexos;Tenerife;De 35 a 44 años;2022;5.138
Ambos sexos;Tenerife;De 35 a 44 años;2021;3.374
Ambos sexos;Tenerife;De 45 a 54 años;2023;4.131
Ambos sexos;Tenerife;De 45 a 54 años;2022;4.179
Ambos sexos;Tenerife;De 45 a 54 años;2021;3.109
Ambos sexos;Tenerife;De 55 a 64 años;2023;3.077
Ambos sexos;Tenerife;De 55 a 64 años;2022;3.193
Ambos sexos;Tenerife;De 55 a 64 años;2021;2.707
Ambos sexos;Tenerife;65 y más años;2023;2.626
Ambos sexos;Tenerife;65 y más años;2022;2.717
Ambos sexos;Tenerife;65 y más años;2021;2.952
Ambos sexos;07 Balears, Illes;Total;2023;45.349
Ambos sexos;07 Balears, Illes;Total;2022;43.896
Ambos sexos;07 Balears, Illes;Total;2021;31.401
Ambos sexos;07 Balears, Illes;De 0 a 15 años;2023;5.674
Ambos sexos;07 Balears, Illes;De 0 a 15 años;2022;6.047
Ambos sexos;07 Balears, Illes;De 0 a 15 años;2021;4.026
Ambos sexos;07 Balears, Illes;De 16 a 24 años;2023;7.263
Ambos sexos;07 Balears, Illes;De 16 a 24 años;2022;6.589
Ambos sexos;07 Balears, Illes;De 16 a 24 años;2021;4.403
Ambos sexos;07 Balears, Illes;De 25 a 34 años;2023;11.603
Ambos sexos;07 Balears, Illes;De 25 a 34 años;2022;11.022
Ambos sexos;07 Balears, Illes;De 25 a 34 años;2021;6.699
Ambos sexos;07 Balears, Illes;De 35 a 44 años;2023;8.891
Ambos sexos;07 Balears, Illes;De 35 a 44 años;2022;8.894
Ambos sexos;07 Balears, Illes;De 35 a 44 años;2021;6.144
Ambos sexos;07 Balears, Illes;De 45 a 54 años;2023;5.897
Ambos sexos;07 Balears, Illes;De 45 a 54 años;2022;5.790
Ambos sexos;07 Balears, Illes;De 45 a 54 años;2021;4.578
Ambos sexos;07 Balears, Illes;De 55 a 64 años;2023;3.382
Ambos sexos;07 Balears, Illes;De 55 a 64 años;2022;3.273
Ambos sexos;07 Balears, Illes;De 55 a 64 años;2021;2.913
Ambos sexos;07 Balears, Illes;65 y más años;2023;2.639
Ambos sexos;07 Balears, Illes;65 y más años;2022;2.281
Ambos sexos;07 Balears, Illes;65 y más años;2021;2.638
Ambos sexos;Formentera;Total;2023;510
Ambos sexos;Formentera;Total;2022;435
Ambos sexos;Formentera;Total;2021;327
Ambos sexos;Formentera;De 0 a 15 años;2023;47
Ambos sexos;Formentera;De 0 a 15 años;2022;20
Ambos sexos;Formentera;De 0 a 15 años;2021;23
Ambos sexos;Formentera;De 16 a 24 años;2023;64
Ambos sexos;Formentera;De 16 a 24 años;2022;62
Ambos sexos;Formentera;De 16 a 24 años;2021;41
Ambos sexos;Formentera;De 25 a 34 años;2023;121
Ambos sexos;Formentera;De 25 a 34 años;2022;107
Ambos sexos;Formentera;De 25 a 34 años;2021;66
Ambos sexos;Formentera;De 35 a 44 años;2023;107
Ambos sexos;Formentera;De 35 a 44 años;2022;105
Ambos sexos;Formentera;De 35 a 44 años;2021;85
Ambos sexos;Formentera;De 45 a 54 años;2023;85
Ambos sexos;Formentera;De 45 a 54 años;2022;66
Ambos sexos;Formentera;De 45 a 54 años;2021;54
Ambos sexos;Formentera;De 55 a 64 años;2023;55
Ambos sexos;Formentera;De 55 a 64 años;2022;35
Ambos sexos;Formentera;De 55 a 64 años;2021;36
Ambos sexos;Formentera;65 y más años;2023;31
Ambos sexos;Formentera;65 y más años;2022;40
Ambos sexos;Formentera;65 y más años;2021;22
Ambos sexos;Ibiza;Total;2023;6.965
Ambos sexos;Ibiza;Total;2022;7.087
Ambos sexos;Ibiza;Total;2021;6.020
Ambos sexos;Ibiza;De 0 a 15 años;2023;764
Ambos sexos;Ibiza;De 0 a 15 años;2022;818
Ambos sexos;Ibiza;De 0 a 15 años;2021;628
Ambos sexos;Ibiza;De 16 a 24 años;2023;894
Ambos sexos;Ibiza;De 16 a 24 años;2022;879
Ambos sexos;Ibiza;De 16 a 24 años;2021;606
Ambos sexos;Ibiza;De 25 a 34 años;2023;1.965
Ambos sexos;Ibiza;De 25 a 34 años;2022;1.945
Ambos sexos;Ibiza;De 25 a 34 años;2021;1.400
Ambos sexos;Ibiza;De 35 a 44 años;2023;1.570
Ambos sexos;Ibiza;De 35 a 44 años;2022;1.642
Ambos sexos;Ibiza;De 35 a 44 años;2021;1.393
Ambos sexos;Ibiza;De 45 a 54 años;2023;995
Ambos sexos;Ibiza;De 45 a 54 años;2022;981
Ambos sexos;Ibiza;De 45 a 54 años;2021;995
Ambos sexos;Ibiza;De 55 a 64 años;2023;460
Ambos sexos;Ibiza;De 55 a 64 años;2022;500
Ambos sexos;Ibiza;De 55 a 64 años;2021;507
Ambos sexos;Ibiza;65 y más años;2023;317
Ambos sexos;Ibiza;65 y más años;2022;322
Ambos sexos;Ibiza;65 y más años;2021;491
Ambos sexos;Mallorca;Total;2023;34.857
Ambos sexos;Mallorca;Total;2022;33.593
Ambos sexos;Mallorca;Total;2021;23.040
Ambos sexos;Mallorca;De 0 a 15 años;2023;4.471
Ambos sexos;Mallorca;De 0 a 15 años;2022;4.875
Ambos sexos;Mallorca;De 0 a 15 años;2021;3.062
Ambos sexos;Mallorca;De 16 a 24 años;2023;5.817
Ambos sexos;Mallorca;De 16 a 24 años;2022;5.229
Ambos sexos;Mallorca;De 16 a 24 años;2021;3.507
Ambos sexos;Mallorca;De 25 a 34 años;2023;8.811
Ambos sexos;Mallorca;De 25 a 34 años;2022;8.246
Ambos sexos;Mallorca;De 25 a 34 años;2021;4.877
Ambos sexos;Mallorca;De 35 a 44 años;2023;6.642
Ambos sexos;Mallorca;De 35 a 44 años;2022;6.643
Ambos sexos;Mallorca;De 35 a 44 años;2021;4.302
Ambos sexos;Mallorca;De 45 a 54 años;2023;4.421
Ambos sexos;Mallorca;De 45 a 54 años;2022;4.365
Ambos sexos;Mallorca;De 45 a 54 años;2021;3.227
Ambos sexos;Mallorca;De 55 a 64 años;2023;2.598
Ambos sexos;Mallorca;De 55 a 64 años;2022;2.494
Ambos sexos;Mallorca;De 55 a 64 años;2021;2.152
Ambos sexos;Mallorca;65 y más años;2023;2.097
Ambos sexos;Mallorca;65 y más años;2022;1.741
Ambos sexos;Mallorca;65 y más años;2021;1.913
Ambos sexos;Menorca;Total;2023;3.017
Ambos sexos;Menorca;Total;2022;2.781
Ambos sexos;Menorca;Total;2021;2.014
Ambos sexos;Menorca;De 0 a 15 años;2023;392
Ambos sexos;Menorca;De 0 a 15 años;2022;334
Ambos sexos;Menorca;De 0 a 15 años;2021;313
Ambos sexos;Menorca;De 16 a 24 años;2023;488
Ambos sexos;Menorca;De 16 a 24 años;2022;419
Ambos sexos;Menorca;De 16 a 24 años;2021;249
Ambos sexos;Menorca;De 25 a 34 años;2023;706
Ambos sexos;Menorca;De 25 a 34 años;2022;724
Ambos sexos;Menorca;De 25 a 34 años;2021;356
Ambos sexos;Menorca;De 35 a 44 años;2023;572
Ambos sexos;Menorca;De 35 a 44 años;2022;504
Ambos sexos;Menorca;De 35 a 44 años;2021;364
Ambos sexos;Menorca;De 45 a 54 años;2023;396
Ambos sexos;Menorca;De 45 a 54 años;2022;378
Ambos sexos;Menorca;De 45 a 54 años;2021;302
Ambos sexos;Menorca;De 55 a 64 años;2023;269
Ambos sexos;Menorca;De 55 a 64 años;2022;244
Ambos sexos;Menorca;De 55 a 64 años;2021;218
Ambos sexos;Menorca;65 y más años;2023;194
Ambos sexos;Menorca;65 y más años;2022;178
Ambos sexos;Menorca;65 y más años;2021;212
Hombres;35 Palmas, Las;Total;2023;15.799
Hombres;35 Palmas, Las;Total;2022;14.842
Hombres;35 Palmas, Las;Total;2021;11.642
Hombres;35 Palmas, Las;De 0 a 15 años;2023;2.453
Hombres;35 Palmas, Las;De 0 a 15 años;2022;2.201
Hombres;35 Palmas, Las;De 0 a 15 años;2021;1.518
Hombres;35 Palmas, Las;De 16 a 24 años;2023;2.785
Hombres;35 Palmas, Las;De 16 a 24 años;2022;2.695
Hombres;35 Palmas, Las;De 16 a 24 años;2021;1.922
Hombres;35 Palmas, Las;De 25 a 34 años;2023;3.179
Hombres;35 Palmas, Las;De 25 a 34 años;2022;3.012
Hombres;35 Palmas, Las;De 25 a 34 años;2021;2.170
Hombres;35 Palmas, Las;De 35 a 44 años;2023;2.595
Hombres;35 Palmas, Las;De 35 a 44 años;2022;2.390
Hombres;35 Palmas, Las;De 35 a 44 años;2021;1.880
Hombres;35 Palmas, Las;De 45 a 54 años;2023;2.134
Hombres;35 Palmas, Las;De 45 a 54 años;2022;1.979
Hombres;35 Palmas, Las;De 45 a 54 años;2021;1.701
Hombres;35 Palmas, Las;De 55 a 64 años;2023;1.483
Hombres;35 Palmas, Las;De 55 a 64 años;2022;1.488
Hombres;35 Palmas, Las;De 55 a 64 años;2021;1.351
Hombres;35 Palmas, Las;65 y más años;2023;1.170
Hombres;35 Palmas, Las;65 y más años;2022;1.077
Hombres;35 Palmas, Las;65 y más años;2021;1.100
Hombres;Fuerteventura;Total;2023;3.166
Hombres;Fuerteventura;Total;2022;3.317
Hombres;Fuerteventura;Total;2021;2.353
Hombres;Fuerteventura;De 0 a 15 años;2023;366
Hombres;Fuerteventura;De 0 a 15 años;2022;385
Hombres;Fuerteventura;De 0 a 15 años;2021;213
Hombres;Fuerteventura;De 16 a 24 años;2023;512
Hombres;Fuerteventura;De 16 a 24 años;2022;473
Hombres;Fuerteventura;De 16 a 24 años;2021;297
Hombres;Fuerteventura;De 25 a 34 años;2023;648
Hombres;Fuerteventura;De 25 a 34 años;2022;722
Hombres;Fuerteventura;De 25 a 34 años;2021;437
Hombres;Fuerteventura;De 35 a 44 años;2023;528
Hombres;Fuerteventura;De 35 a 44 años;2022;546
Hombres;Fuerteventura;De 35 a 44 años;2021;392
Hombres;Fuerteventura;De 45 a 54 años;2023;473
Hombres;Fuerteventura;De 45 a 54 años;2022;497
Hombres;Fuerteventura;De 45 a 54 años;2021;375
Hombres;Fuerteventura;De 55 a 64 años;2023;351
Hombres;Fuerteventura;De 55 a 64 años;2022;408
Hombres;Fuerteventura;De 55 a 64 años;2021;338
Hombres;Fuerteventura;65 y más años;2023;288
Hombres;Fuerteventura;65 y más años;2022;286
Hombres;Fuerteventura;65 y más años;2021;301
Hombres;Gran Canaria;Total;2023;9.072
Hombres;Gran Canaria;Total;2022;8.466
Hombres;Gran Canaria;Total;2021;7.053
Hombres;Gran Canaria;De 0 a 15 años;2023;1.584
Hombres;Gran Canaria;De 0 a 15 años;2022;1.417
Hombres;Gran Canaria;De 0 a 15 años;2021;1.052
Hombres;Gran Canaria;De 16 a 24 años;2023;1.692
Hombres;Gran Canaria;De 16 a 24 años;2022;1.728
Hombres;Gran Canaria;De 16 a 24 años;2021;1.315
Hombres;Gran Canaria;De 25 a 34 años;2023;1.736
Hombres;Gran Canaria;De 25 a 34 años;2022;1.597
Hombres;Gran Canaria;De 25 a 34 años;2021;1.349
Hombres;Gran Canaria;De 35 a 44 años;2023;1.409
Hombres;Gran Canaria;De 35 a 44 años;2022;1.299
Hombres;Gran Canaria;De 35 a 44 años;2021;1.132
Hombres;Gran Canaria;De 45 a 54 años;2023;1.163
Hombres;Gran Canaria;De 45 a 54 años;2022;1.079
Hombres;Gran Canaria;De 45 a 54 años;2021;963
Hombres;Gran Canaria;De 55 a 64 años;2023;825
Hombres;Gran Canaria;De 55 a 64 años;2022;772
Hombres;Gran Canaria;De 55 a 64 años;2021;719
Hombres;Gran Canaria;65 y más años;2023;663
Hombres;Gran Canaria;65 y más años;2022;574
Hombres;Gran Canaria;65 y más años;2021;523
Hombres;Lanzarote;Total;2023;3.561
Hombres;Lanzarote;Total;2022;3.059
Hombres;Lanzarote;Total;2021;2.236
Hombres;Lanzarote;De 0 a 15 años;2023;503
Hombres;Lanzarote;De 0 a 15 años;2022;399
Hombres;Lanzarote;De 0 a 15 años;2021;253
Hombres;Lanzarote;De 16 a 24 años;2023;581
Hombres;Lanzarote;De 16 a 24 años;2022;494
Hombres;Lanzarote;De 16 a 24 años;2021;310
Hombres;Lanzarote;De 25 a 34 años;2023;795
Hombres;Lanzarote;De 25 a 34 años;2022;693
Hombres;Lanzarote;De 25 a 34 años;2021;384
Hombres;Lanzarote;De 35 a 44 años;2023;658
Hombres;Lanzarote;De 35 a 44 años;2022;545
Hombres;Lanzarote;De 35 a 44 años;2021;356
Hombres;Lanzarote;De 45 a 54 años;2023;498
Hombres;Lanzarote;De 45 a 54 años;2022;403
Hombres;Lanzarote;De 45 a 54 años;2021;363
Hombres;Lanzarote;De 55 a 64 años;2023;307
Hombres;Lanzarote;De 55 a 64 años;2022;308
Hombres;Lanzarote;De 55 a 64 años;2021;294
Hombres;Lanzarote;65 y más años;2023;219
Hombres;Lanzarote;65 y más años;2022;217
Hombres;Lanzarote;65 y más años;2021;276
Hombres;38 Santa Cruz de Tenerife;Total;2023;16.516
Hombres;38 Santa Cruz de Tenerife;Total;2022;16.211
Hombres;38 Santa Cruz de Tenerife;Total;2021;12.561
Hombres;38 Santa Cruz de Tenerife;De 0 a 15 años;2023;2.499
Hombres;38 Santa Cruz de Tenerife;De 0 a 15 años;2022;2.478
Hombres;38 Santa Cruz de Tenerife;De 0 a 15 años;2021;1.583
Hombres;38 Santa Cruz de Tenerife;De 16 a 24 años;2023;2.526
Hombres;38 Santa Cruz de Tenerife;De 16 a 24 años;2022;2.342
Hombres;38 Santa Cruz de Tenerife;De 16 a 24 años;2021;1.741
Hombres;38 Santa Cruz de Tenerife;De 25 a 34 años;2023;3.144
Hombres;38 Santa Cruz de Tenerife;De 25 a 34 años;2022;3.045
Hombres;38 Santa Cruz de Tenerife;De 25 a 34 años;2021;2.224
Hombres;38 Santa Cruz de Tenerife;De 35 a 44 años;2023;2.833
Hombres;38 Santa Cruz de Tenerife;De 35 a 44 años;2022;2.772
Hombres;38 Santa Cruz de Tenerife;De 35 a 44 años;2021;1.959
Hombres;38 Santa Cruz de Tenerife;De 45 a 54 años;2023;2.377
Hombres;38 Santa Cruz de Tenerife;De 45 a 54 años;2022;2.329
Hombres;38 Santa Cruz de Tenerife;De 45 a 54 años;2021;1.837
Hombres;38 Santa Cruz de Tenerife;De 55 a 64 años;2023;1.737
Hombres;38 Santa Cruz de Tenerife;De 55 a 64 años;2022;1.779
Hombres;38 Santa Cruz de Tenerife;De 55 a 64 años;2021;1.544
Hombres;38 Santa Cruz de Tenerife;65 y más años;2023;1.400
Hombres;38 Santa Cruz de Tenerife;65 y más años;2022;1.466
Hombres;38 Santa Cruz de Tenerife;65 y más años;2021;1.673
Hombres;Gomera, La;Total;2023;370
Hombres;Gomera, La;Total;2022;337
Hombres;Gomera, La;Total;2021;269
Hombres;Gomera, La;De 0 a 15 años;2023;57
Hombres;Gomera, La;De 0 a 15 años;2022;52
Hombres;Gomera, La;De 0 a 15 años;2021;44
Hombres;Gomera, La;De 16 a 24 años;2023;52
Hombres;Gomera, La;De 16 a 24 años;2022;36
Hombres;Gomera, La;De 16 a 24 años;2021;24
Hombres;Gomera, La;De 25 a 34 años;2023;55
Hombres;Gomera, La;De 25 a 34 años;2022;57
Hombres;Gomera, La;De 25 a 34 años;2021;43
Hombres;Gomera, La;De 35 a 44 años;2023;49
Hombres;Gomera, La;De 35 a 44 años;2022;47
Hombres;Gomera, La;De 35 a 44 años;2021;38
Hombres;Gomera, La;De 45 a 54 años;2023;44
Hombres;Gomera, La;De 45 a 54 años;2022;48
Hombres;Gomera, La;De 45 a 54 años;2021;34
Hombres;Gomera, La;De 55 a 64 años;2023;66
Hombres;Gomera, La;De 55 a 64 años;2022;52
Hombres;Gomera, La;De 55 a 64 años;2021;43
Hombres;Gomera, La;65 y más años;2023;47
Hombres;Gomera, La;65 y más años;2022;45
Hombres;Gomera, La;65 y más años;2021;43
Hombres;Hierro, El;Total;2023;232
Hombres;Hierro, El;Total;2022;180
Hombres;Hierro, El;Total;2021;122
Hombres;Hierro, El;De 0 a 15 años;2023;42
Hombres;Hierro, El;De 0 a 15 años;2022;31
Hombres;Hierro, El;De 0 a 15 años;2021;20
Hombres;Hierro, El;De 16 a 24 años;2023;49
Hombres;Hierro, El;De 16 a 24 años;2022;21
Hombres;Hierro, El;De 16 a 24 años;2021;18
Hombres;Hierro, El;De 25 a 34 años;2023;49
Hombres;Hierro, El;De 25 a 34 años;2022;50
Hombres;Hierro, El;De 25 a 34 años;2021;20
Hombres;Hierro, El;De 35 a 44 años;2023;31
Hombres;Hierro, El;De 35 a 44 años;2022;23
Hombres;Hierro, El;De 35 a 44 años;2021;16
Hombres;Hierro, El;De 45 a 54 años;2023;23
Hombres;Hierro, El;De 45 a 54 años;2022;17
Hombres;Hierro, El;De 45 a 54 años;2021;20
Hombres;Hierro, El;De 55 a 64 años;2023;23
Hombres;Hierro, El;De 55 a 64 años;2022;23
Hombres;Hierro, El;De 55 a 64 años;2021;16
Hombres;Hierro, El;65 y más años;2023;15
Hombres;Hierro, El;65 y más años;2022;15
Hombres;Hierro, El;65 y más años;2021;12
Hombres;Palma, La;Total;2023;1.253
Hombres;Palma, La;Total;2022;1.085
Hombres;Palma, La;Total;2021;921
Hombres;Palma, La;De 0 a 15 años;2023;209
Hombres;Palma, La;De 0 a 15 años;2022;165
Hombres;Palma, La;De 0 a 15 años;2021;117
Hombres;Palma, La;De 16 a 24 años;2023;205
Hombres;Palma, La;De 16 a 24 años;2022;137
Hombres;Palma, La;De 16 a 24 años;2021;104
Hombres;Palma, La;De 25 a 34 años;2023;238
Hombres;Palma, La;De 25 a 34 años;2022;198
Hombres;Palma, La;De 25 a 34 años;2021;137
Hombres;Palma, La;De 35 a 44 años;2023;190
Hombres;Palma, La;De 35 a 44 años;2022;151
Hombres;Palma, La;De 35 a 44 años;2021;133
Hombres;Palma, La;De 45 a 54 años;2023;156
Hombres;Palma, La;De 45 a 54 años;2022;136
Hombres;Palma, La;De 45 a 54 años;2021;122
Hombres;Palma, La;De 55 a 64 años;2023;136
Hombres;Palma, La;De 55 a 64 años;2022;154
Hombres;Palma, La;De 55 a 64 años;2021;140
Hombres;Palma, La;65 y más años;2023;119
Hombres;Palma, La;65 y más años;2022;144
Hombres;Palma, La;65 y más años;2021;168
Hombres;Tenerife;Total;2023;14.661
Hombres;Tenerife;Total;2022;14.609
Hombres;Tenerife;Total;2021;11.249
Hombres;Tenerife;De 0 a 15 años;2023;2.191
Hombres;Tenerife;De 0 a 15 años;2022;2.230
Hombres;Tenerife;De 0 a 15 años;2021;1.402
Hombres;Tenerife;De 16 a 24 años;2023;2.220
Hombres;Tenerife;De 16 a 24 años;2022;2.148
Hombres;Tenerife;De 16 a 24 años;2021;1.595
Hombres;Tenerife;De 25 a 34 años;2023;2.802
Hombres;Tenerife;De 25 a 34 años;2022;2.740
Hombres;Tenerife;De 25 a 34 años;2021;2.024
Hombres;Tenerife;De 35 a 44 años;2023;2.563
Hombres;Tenerife;De 35 a 44 años;2022;2.551
Hombres;Tenerife;De 35 a 44 años;2021;1.772
Hombres;Tenerife;De 45 a 54 años;2023;2.154
Hombres;Tenerife;De 45 a 54 años;2022;2.128
Hombres;Tenerife;De 45 a 54 años;2021;1.661
Hombres;Tenerife;De 55 a 64 años;2023;1.512
Hombres;Tenerife;De 55 a 64 años;2022;1.550
Hombres;Tenerife;De 55 a 64 años;2021;1.345
Hombres;Tenerife;65 y más años;2023;1.219
Hombres;Tenerife;65 y más años;2022;1.262
Hombres;Tenerife;65 y más años;2021;1.450
Hombres;07 Balears, Illes;Total;2023;23.931
Hombres;07 Balears, Illes;Total;2022;22.022
Hombres;07 Balears, Illes;Total;2021;16.390
Hombres;07 Balears, Illes;De 0 a 15 años;2023;2.992
Hombres;07 Balears, Illes;De 0 a 15 años;2022;3.090
Hombres;07 Balears, Illes;De 0 a 15 años;2021;2.058
Hombres;07 Balears, Illes;De 16 a 24 años;2023;3.855
Hombres;07 Balears, Illes;De 16 a 24 años;2022;3.305
Hombres;07 Balears, Illes;De 16 a 24 años;2021;2.262
Hombres;07 Balears, Illes;De 25 a 34 años;2023;6.253
Hombres;07 Balears, Illes;De 25 a 34 años;2022;5.558
Hombres;07 Balears, Illes;De 25 a 34 años;2021;3.405
Hombres;07 Balears, Illes;De 35 a 44 años;2023;4.796
Hombres;07 Balears, Illes;De 35 a 44 años;2022;4.563
Hombres;07 Balears, Illes;De 35 a 44 años;2021;3.320
Hombres;07 Balears, Illes;De 45 a 54 años;2023;3.144
Hombres;07 Balears, Illes;De 45 a 54 años;2022;2.979
Hombres;07 Balears, Illes;De 45 a 54 años;2021;2.531
Hombres;07 Balears, Illes;De 55 a 64 años;2023;1.664
Hombres;07 Balears, Illes;De 55 a 64 años;2022;1.561
Hombres;07 Balears, Illes;De 55 a 64 años;2021;1.554
Hombres;07 Balears, Illes;65 y más años;2023;1.227
Hombres;07 Balears, Illes;65 y más años;2022;966
Hombres;07 Balears, Illes;65 y más años;2021;1.260
Hombres;Formentera;Total;2023;256
Hombres;Formentera;Total;2022;220
Hombres;Formentera;Total;2021;180
Hombres;Formentera;De 0 a 15 años;2023;24
Hombres;Formentera;De 0 a 15 años;2022;9
Hombres;Formentera;De 0 a 15 años;2021;15
Hombres;Formentera;De 16 a 24 años;2023;33
Hombres;Formentera;De 16 a 24 años;2022;27
Hombres;Formentera;De 16 a 24 años;2021;18
Hombres;Formentera;De 25 a 34 años;2023;57
Hombres;Formentera;De 25 a 34 años;2022;57
Hombres;Formentera;De 25 a 34 años;2021;40
Hombres;Formentera;De 35 a 44 años;2023;48
Hombres;Formentera;De 35 a 44 años;2022;58
Hombres;Formentera;De 35 a 44 años;2021;44
Hombres;Formentera;De 45 a 54 años;2023;47
Hombres;Formentera;De 45 a 54 años;2022;33
Hombres;Formentera;De 45 a 54 años;2021;30
Hombres;Formentera;De 55 a 64 años;2023;29
Hombres;Formentera;De 55 a 64 años;2022;20
Hombres;Formentera;De 55 a 64 años;2021;20
Hombres;Formentera;65 y más años;2023;18
Hombres;Formentera;65 y más años;2022;16
Hombres;Formentera;65 y más años;2021;13
Hombres;Ibiza;Total;2023;3.709
Hombres;Ibiza;Total;2022;3.723
Hombres;Ibiza;Total;2021;3.228
Hombres;Ibiza;De 0 a 15 años;2023;398
Hombres;Ibiza;De 0 a 15 años;2022;454
Hombres;Ibiza;De 0 a 15 años;2021;309
Hombres;Ibiza;De 16 a 24 años;2023;463
Hombres;Ibiza;De 16 a 24 años;2022;438
Hombres;Ibiza;De 16 a 24 años;2021;326
Hombres;Ibiza;De 25 a 34 años;2023;1.008
Hombres;Ibiza;De 25 a 34 años;2022;986
Hombres;Ibiza;De 25 a 34 años;2021;716
Hombres;Ibiza;De 35 a 44 años;2023;874
Hombres;Ibiza;De 35 a 44 años;2022;873
Hombres;Ibiza;De 35 a 44 años;2021;790
Hombres;Ibiza;De 45 a 54 años;2023;562
Hombres;Ibiza;De 45 a 54 años;2022;552
Hombres;Ibiza;De 45 a 54 años;2021;573
Hombres;Ibiza;De 55 a 64 años;2023;243
Hombres;Ibiza;De 55 a 64 años;2022;259
Hombres;Ibiza;De 55 a 64 años;2021;274
Hombres;Ibiza;65 y más años;2023;161
Hombres;Ibiza;65 y más años;2022;161
Hombres;Ibiza;65 y más años;2021;240
Hombres;Mallorca;Total;2023;18.415
Hombres;Mallorca;Total;2022;16.687
Hombres;Mallorca;Total;2021;11.987
Hombres;Mallorca;De 0 a 15 años;2023;2.366
Hombres;Mallorca;De 0 a 15 años;2022;2.463
Hombres;Mallorca;De 0 a 15 años;2021;1.572
Hombres;Mallorca;De 16 a 24 años;2023;3.116
Hombres;Mallorca;De 16 a 24 años;2022;2.623
Hombres;Mallorca;De 16 a 24 años;2021;1.799
Hombres;Mallorca;De 25 a 34 años;2023;4.815
Hombres;Mallorca;De 25 a 34 años;2022;4.131
Hombres;Mallorca;De 25 a 34 años;2021;2.461
Hombres;Mallorca;De 35 a 44 años;2023;3.580
Hombres;Mallorca;De 35 a 44 años;2022;3.383
Hombres;Mallorca;De 35 a 44 años;2021;2.304
Hombres;Mallorca;De 45 a 54 años;2023;2.324
Hombres;Mallorca;De 45 a 54 años;2022;2.205
Hombres;Mallorca;De 45 a 54 años;2021;1.790
Hombres;Mallorca;De 55 a 64 años;2023;1.259
Hombres;Mallorca;De 55 a 64 años;2022;1.172
Hombres;Mallorca;De 55 a 64 años;2021;1.153
Hombres;Mallorca;65 y más años;2023;955
Hombres;Mallorca;65 y más años;2022;710
Hombres;Mallorca;65 y más años;2021;908
Hombres;Menorca;Total;2023;1.551
Hombres;Menorca;Total;2022;1.392
Hombres;Menorca;Total;2021;995
Hombres;Menorca;De 0 a 15 años;2023;204
Hombres;Menorca;De 0 a 15 años;2022;164
Hombres;Menorca;De 0 a 15 años;2021;162
Hombres;Menorca;De 16 a 24 años;2023;243
Hombres;Menorca;De 16 a 24 años;2022;217
Hombres;Menorca;De 16 a 24 años;2021;119
Hombres;Menorca;De 25 a 34 años;2023;373
Hombres;Menorca;De 25 a 34 años;2022;384
Hombres;Menorca;De 25 a 34 años;2021;188
Hombres;Menorca;De 35 a 44 años;2023;294
Hombres;Menorca;De 35 a 44 años;2022;249
Hombres;Menorca;De 35 a 44 años;2021;182
Hombres;Menorca;De 45 a 54 años;2023;211
Hombres;Menorca;De 45 a 54 años;2022;189
Hombres;Menorca;De 45 a 54 años;2021;138
Hombres;Menorca;De 55 a 64 años;2023;133
Hombres;Menorca;De 55 a 64 años;2022;110
Hombres;Menorca;De 55 a 64 años;2021;107
Hombres;Menorca;65 y más años;2023;93
Hombres;Menorca;65 y más años;2022;79
Hombres;Menorca;65 y más años;2021;99
Mujeres;35 Palmas, Las;Total;2023;15.168
Mujeres;35 Palmas, Las;Total;2022;14.017
Mujeres;35 Palmas, Las;Total;2021;10.662
Mujeres;35 Palmas, Las;De 0 a 15 años;2023;2.156
Mujeres;35 Palmas, Las;De 0 a 15 años;2022;2.010
Mujeres;35 Palmas, Las;De 0 a 15 años;2021;1.369
Mujeres;35 Palmas, Las;De 16 a 24 años;2023;2.358
Mujeres;35 Palmas, Las;De 16 a 24 años;2022;2.104
Mujeres;35 Palmas, Las;De 16 a 24 años;2021;1.693
Mujeres;35 Palmas, Las;De 25 a 34 años;2023;3.217
Mujeres;35 Palmas, Las;De 25 a 34 años;2022;2.883
Mujeres;35 Palmas, Las;De 25 a 34 años;2021;2.090
Mujeres;35 Palmas, Las;De 35 a 44 años;2023;2.542
Mujeres;35 Palmas, Las;De 35 a 44 años;2022;2.440
Mujeres;35 Palmas, Las;De 35 a 44 años;2021;1.634
Mujeres;35 Palmas, Las;De 45 a 54 años;2023;2.014
Mujeres;35 Palmas, Las;De 45 a 54 años;2022;2.003
Mujeres;35 Palmas, Las;De 45 a 54 años;2021;1.464
Mujeres;35 Palmas, Las;De 55 a 64 años;2023;1.586
Mujeres;35 Palmas, Las;De 55 a 64 años;2022;1.417
Mujeres;35 Palmas, Las;De 55 a 64 años;2021;1.243
Mujeres;35 Palmas, Las;65 y más años;2023;1.295
Mujeres;35 Palmas, Las;65 y más años;2022;1.160
Mujeres;35 Palmas, Las;65 y más años;2021;1.169
Mujeres;Fuerteventura;Total;2023;3.074
Mujeres;Fuerteventura;Total;2022;3.117
Mujeres;Fuerteventura;Total;2021;2.232
Mujeres;Fuerteventura;De 0 a 15 años;2023;354
Mujeres;Fuerteventura;De 0 a 15 años;2022;345
Mujeres;Fuerteventura;De 0 a 15 años;2021;223
Mujeres;Fuerteventura;De 16 a 24 años;2023;479
Mujeres;Fuerteventura;De 16 a 24 años;2022;493
Mujeres;Fuerteventura;De 16 a 24 años;2021;308
Mujeres;Fuerteventura;De 25 a 34 años;2023;665
Mujeres;Fuerteventura;De 25 a 34 años;2022;648
Mujeres;Fuerteventura;De 25 a 34 años;2021;420
Mujeres;Fuerteventura;De 35 a 44 años;2023;514
Mujeres;Fuerteventura;De 35 a 44 años;2022;525
Mujeres;Fuerteventura;De 35 a 44 años;2021;337
Mujeres;Fuerteventura;De 45 a 54 años;2023;431
Mujeres;Fuerteventura;De 45 a 54 años;2022;451
Mujeres;Fuerteventura;De 45 a 54 años;2021;313
Mujeres;Fuerteventura;De 55 a 64 años;2023;364
Mujeres;Fuerteventura;De 55 a 64 años;2022;380
Mujeres;Fuerteventura;De 55 a 64 años;2021;316
Mujeres;Fuerteventura;65 y más años;2023;267
Mujeres;Fuerteventura;65 y más años;2022;275
Mujeres;Fuerteventura;65 y más años;2021;315
Mujeres;Gran Canaria;Total;2023;8.696
Mujeres;Gran Canaria;Total;2022;7.937
Mujeres;Gran Canaria;Total;2021;6.409
Mujeres;Gran Canaria;De 0 a 15 años;2023;1.344
Mujeres;Gran Canaria;De 0 a 15 años;2022;1.272
Mujeres;Gran Canaria;De 0 a 15 años;2021;936
Mujeres;Gran Canaria;De 16 a 24 años;2023;1.340
Mujeres;Gran Canaria;De 16 a 24 años;2022;1.171
Mujeres;Gran Canaria;De 16 a 24 años;2021;1.089
Mujeres;Gran Canaria;De 25 a 34 años;2023;1.784
Mujeres;Gran Canaria;De 25 a 34 años;2022;1.586
Mujeres;Gran Canaria;De 25 a 34 años;2021;1.316
Mujeres;Gran Canaria;De 35 a 44 años;2023;1.445
Mujeres;Gran Canaria;De 35 a 44 años;2022;1.421
Mujeres;Gran Canaria;De 35 a 44 años;2021;988
Mujeres;Gran Canaria;De 45 a 54 años;2023;1.141
Mujeres;Gran Canaria;De 45 a 54 años;2022;1.107
Mujeres;Gran Canaria;De 45 a 54 años;2021;848
Mujeres;Gran Canaria;De 55 a 64 años;2023;874
Mujeres;Gran Canaria;De 55 a 64 años;2022;757
Mujeres;Gran Canaria;De 55 a 64 años;2021;658
Mujeres;Gran Canaria;65 y más años;2023;768
Mujeres;Gran Canaria;65 y más años;2022;623
Mujeres;Gran Canaria;65 y más años;2021;574
Mujeres;Lanzarote;Total;2023;3.398
Mujeres;Lanzarote;Total;2022;2.963
Mujeres;Lanzarote;Total;2021;2.021
Mujeres;Lanzarote;De 0 a 15 años;2023;458
Mujeres;Lanzarote;De 0 a 15 años;2022;393
Mujeres;Lanzarote;De 0 a 15 años;2021;210
Mujeres;Lanzarote;De 16 a 24 años;2023;539
Mujeres;Lanzarote;De 16 a 24 años;2022;440
Mujeres;Lanzarote;De 16 a 24 años;2021;296
Mujeres;Lanzarote;De 25 a 34 años;2023;768
Mujeres;Lanzarote;De 25 a 34 años;2022;649
Mujeres;Lanzarote;De 25 a 34 años;2021;354
Mujeres;Lanzarote;De 35 a 44 años;2023;583
Mujeres;Lanzarote;De 35 a 44 años;2022;494
Mujeres;Lanzarote;De 35 a 44 años;2021;309
Mujeres;Lanzarote;De 45 a 54 años;2023;442
Mujeres;Lanzarote;De 45 a 54 años;2022;445
Mujeres;Lanzarote;De 45 a 54 años;2021;303
Mujeres;Lanzarote;De 55 a 64 años;2023;348
Mujeres;Lanzarote;De 55 a 64 años;2022;280
Mujeres;Lanzarote;De 55 a 64 años;2021;269
Mujeres;Lanzarote;65 y más años;2023;260
Mujeres;Lanzarote;65 y más años;2022;262
Mujeres;Lanzarote;65 y más años;2021;280
Mujeres;38 Santa Cruz de Tenerife;Total;2023;16.104
Mujeres;38 Santa Cruz de Tenerife;Total;2022;16.675
Mujeres;38 Santa Cruz de Tenerife;Total;2021;12.096
Mujeres;38 Santa Cruz de Tenerife;De 0 a 15 años;2023;2.281
Mujeres;38 Santa Cruz de Tenerife;De 0 a 15 años;2022;2.345
Mujeres;38 Santa Cruz de Tenerife;De 0 a 15 años;2021;1.427
Mujeres;38 Santa Cruz de Tenerife;De 16 a 24 años;2023;2.292
Mujeres;38 Santa Cruz de Tenerife;De 16 a 24 años;2022;2.336
Mujeres;38 Santa Cruz de Tenerife;De 16 a 24 años;2021;1.630
Mujeres;38 Santa Cruz de Tenerife;De 25 a 34 años;2023;3.136
Mujeres;38 Santa Cruz de Tenerife;De 25 a 34 años;2022;3.261
Mujeres;38 Santa Cruz de Tenerife;De 25 a 34 años;2021;2.282
Mujeres;38 Santa Cruz de Tenerife;De 35 a 44 años;2023;2.726
Mujeres;38 Santa Cruz de Tenerife;De 35 a 44 años;2022;2.836
Mujeres;38 Santa Cruz de Tenerife;De 35 a 44 años;2021;1.806
Mujeres;38 Santa Cruz de Tenerife;De 45 a 54 años;2023;2.243
Mujeres;38 Santa Cruz de Tenerife;De 45 a 54 años;2022;2.316
Mujeres;38 Santa Cruz de Tenerife;De 45 a 54 años;2021;1.634
Mujeres;38 Santa Cruz de Tenerife;De 55 a 64 años;2023;1.819
Mujeres;38 Santa Cruz de Tenerife;De 55 a 64 años;2022;1.915
Mujeres;38 Santa Cruz de Tenerife;De 55 a 64 años;2021;1.600
Mujeres;38 Santa Cruz de Tenerife;65 y más años;2023;1.607
Mujeres;38 Santa Cruz de Tenerife;65 y más años;2022;1.666
Mujeres;38 Santa Cruz de Tenerife;65 y más años;2021;1.717
Mujeres;Gomera, La;Total;2023;386
Mujeres;Gomera, La;Total;2022;374
Mujeres;Gomera, La;Total;2021;285
Mujeres;Gomera, La;De 0 a 15 años;2023;51
Mujeres;Gomera, La;De 0 a 15 años;2022;45
Mujeres;Gomera, La;De 0 a 15 años;2021;41
Mujeres;Gomera, La;De 16 a 24 años;2023;46
Mujeres;Gomera, La;De 16 a 24 años;2022;47
Mujeres;Gomera, La;De 16 a 24 años;2021;25
Mujeres;Gomera, La;De 25 a 34 años;2023;66
Mujeres;Gomera, La;De 25 a 34 años;2022;68
Mujeres;Gomera, La;De 25 a 34 años;2021;39
Mujeres;Gomera, La;De 35 a 44 años;2023;59
Mujeres;Gomera, La;De 35 a 44 años;2022;61
Mujeres;Gomera, La;De 35 a 44 años;2021;47
Mujeres;Gomera, La;De 45 a 54 años;2023;54
Mujeres;Gomera, La;De 45 a 54 años;2022;57
Mujeres;Gomera, La;De 45 a 54 años;2021;31
Mujeres;Gomera, La;De 55 a 64 años;2023;66
Mujeres;Gomera, La;De 55 a 64 años;2022;55
Mujeres;Gomera, La;De 55 a 64 años;2021;58
Mujeres;Gomera, La;65 y más años;2023;44
Mujeres;Gomera, La;65 y más años;2022;41
Mujeres;Gomera, La;65 y más años;2021;44
Mujeres;Hierro, El;Total;2023;217
Mujeres;Hierro, El;Total;2022;236
Mujeres;Hierro, El;Total;2021;147
Mujeres;Hierro, El;De 0 a 15 años;2023;27
Mujeres;Hierro, El;De 0 a 15 años;2022;37
Mujeres;Hierro, El;De 0 a 15 años;2021;18
Mujeres;Hierro, El;De 16 a 24 años;2023;33
Mujeres;Hierro, El;De 16 a 24 años;2022;29
Mujeres;Hierro, El;De 16 a 24 años;2021;22
Mujeres;Hierro, El;De 25 a 34 años;2023;44
Mujeres;Hierro, El;De 25 a 34 años;2022;46
Mujeres;Hierro, El;De 25 a 34 años;2021;28
Mujeres;Hierro, El;De 35 a 44 años;2023;34
Mujeres;Hierro, El;De 35 a 44 años;2022;31
Mujeres;Hierro, El;De 35 a 44 años;2021;18
Mujeres;Hierro, El;De 45 a 54 años;2023;38
Mujeres;Hierro, El;De 45 a 54 años;2022;36
Mujeres;Hierro, El;De 45 a 54 años;2021;24
Mujeres;Hierro, El;De 55 a 64 años;2023;26
Mujeres;Hierro, El;De 55 a 64 años;2022;38
Mujeres;Hierro, El;De 55 a 64 años;2021;18
Mujeres;Hierro, El;65 y más años;2023;15
Mujeres;Hierro, El;65 y más años;2022;19
Mujeres;Hierro, El;65 y más años;2021;19
Mujeres;Palma, La;Total;2023;1.228
Mujeres;Palma, La;Total;2022;1.152
Mujeres;Palma, La;Total;2021;951
Mujeres;Palma, La;De 0 a 15 años;2023;173
Mujeres;Palma, La;De 0 a 15 años;2022;141
Mujeres;Palma, La;De 0 a 15 años;2021;120
Mujeres;Palma, La;De 16 a 24 años;2023;177
Mujeres;Palma, La;De 16 a 24 años;2022;153
Mujeres;Palma, La;De 16 a 24 años;2021;110
Mujeres;Palma, La;De 25 a 34 años;2023;217
Mujeres;Palma, La;De 25 a 34 años;2022;199
Mujeres;Palma, La;De 25 a 34 años;2021;137
Mujeres;Palma, La;De 35 a 44 años;2023;184
Mujeres;Palma, La;De 35 a 44 años;2022;157
Mujeres;Palma, La;De 35 a 44 años;2021;139
Mujeres;Palma, La;De 45 a 54 años;2023;174
Mujeres;Palma, La;De 45 a 54 años;2022;172
Mujeres;Palma, La;De 45 a 54 años;2021;131
Mujeres;Palma, La;De 55 a 64 años;2023;162
Mujeres;Palma, La;De 55 a 64 años;2022;179
Mujeres;Palma, La;De 55 a 64 años;2021;162
Mujeres;Palma, La;65 y más años;2023;141
Mujeres;Palma, La;65 y más años;2022;151
Mujeres;Palma, La;65 y más años;2021;152
Mujeres;Tenerife;Total;2023;14.273
Mujeres;Tenerife;Total;2022;14.913
Mujeres;Tenerife;Total;2021;10.713
Mujeres;Tenerife;De 0 a 15 años;2023;2.030
Mujeres;Tenerife;De 0 a 15 años;2022;2.122
Mujeres;Tenerife;De 0 a 15 años;2021;1.248
Mujeres;Tenerife;De 16 a 24 años;2023;2.036
Mujeres;Tenerife;De 16 a 24 años;2022;2.107
Mujeres;Tenerife;De 16 a 24 años;2021;1.473
Mujeres;Tenerife;De 25 a 34 años;2023;2.809
Mujeres;Tenerife;De 25 a 34 años;2022;2.948
Mujeres;Tenerife;De 25 a 34 años;2021;2.078
Mujeres;Tenerife;De 35 a 44 años;2023;2.449
Mujeres;Tenerife;De 35 a 44 años;2022;2.587
Mujeres;Tenerife;De 35 a 44 años;2021;1.602
Mujeres;Tenerife;De 45 a 54 años;2023;1.977
Mujeres;Tenerife;De 45 a 54 años;2022;2.051
Mujeres;Tenerife;De 45 a 54 años;2021;1.448
Mujeres;Tenerife;De 55 a 64 años;2023;1.565
Mujeres;Tenerife;De 55 a 64 años;2022;1.643
Mujeres;Tenerife;De 55 a 64 años;2021;1.362
Mujeres;Tenerife;65 y más años;2023;1.407
Mujeres;Tenerife;65 y más años;2022;1.455
Mujeres;Tenerife;65 y más años;2021;1.502
Mujeres;07 Balears, Illes;Total;2023;21.418
Mujeres;07 Balears, Illes;Total;2022;21.874
Mujeres;07 Balears, Illes;Total;2021;15.011
Mujeres;07 Balears, Illes;De 0 a 15 años;2023;2.682
Mujeres;07 Balears, Illes;De 0 a 15 años;2022;2.957
Mujeres;07 Balears, Illes;De 0 a 15 años;2021;1.968
Mujeres;07 Balears, Illes;De 16 a 24 años;2023;3.408
Mujeres;07 Balears, Illes;De 16 a 24 años;2022;3.284
Mujeres;07 Balears, Illes;De 16 a 24 años;2021;2.141
Mujeres;07 Balears, Illes;De 25 a 34 años;2023;5.350
Mujeres;07 Balears, Illes;De 25 a 34 años;2022;5.464
Mujeres;07 Balears, Illes;De 25 a 34 años;2021;3.294
Mujeres;07 Balears, Illes;De 35 a 44 años;2023;4.095
Mujeres;07 Balears, Illes;De 35 a 44 años;2022;4.331
Mujeres;07 Balears, Illes;De 35 a 44 años;2021;2.824
Mujeres;07 Balears, Illes;De 45 a 54 años;2023;2.753
Mujeres;07 Balears, Illes;De 45 a 54 años;2022;2.811
Mujeres;07 Balears, Illes;De 45 a 54 años;2021;2.047
Mujeres;07 Balears, Illes;De 55 a 64 años;2023;1.718
Mujeres;07 Balears, Illes;De 55 a 64 años;2022;1.712
Mujeres;07 Balears, Illes;De 55 a 64 años;2021;1.359
Mujeres;07 Balears, Illes;65 y más años;2023;1.412
Mujeres;07 Balears, Illes;65 y más años;2022;1.315
Mujeres;07 Balears, Illes;65 y más años;2021;1.378
Mujeres;Formentera;Total;2023;254
Mujeres;Formentera;Total;2022;215
Mujeres;Formentera;Total;2021;147
Mujeres;Formentera;De 0 a 15 años;2023;23
Mujeres;Formentera;De 0 a 15 años;2022;11
Mujeres;Formentera;De 0 a 15 años;2021;8
Mujeres;Formentera;De 16 a 24 años;2023;31
Mujeres;Formentera;De 16 a 24 años;2022;35
Mujeres;Formentera;De 16 a 24 años;2021;23
Mujeres;Formentera;De 25 a 34 años;2023;64
Mujeres;Formentera;De 25 a 34 años;2022;50
Mujeres;Formentera;De 25 a 34 años;2021;26
Mujeres;Formentera;De 35 a 44 años;2023;59
Mujeres;Formentera;De 35 a 44 años;2022;47
Mujeres;Formentera;De 35 a 44 años;2021;41
Mujeres;Formentera;De 45 a 54 años;2023;38
Mujeres;Formentera;De 45 a 54 años;2022;33
Mujeres;Formentera;De 45 a 54 años;2021;24
Mujeres;Formentera;De 55 a 64 años;2023;26
Mujeres;Formentera;De 55 a 64 años;2022;15
Mujeres;Formentera;De 55 a 64 años;2021;16
Mujeres;Formentera;65 y más años;2023;13
Mujeres;Formentera;65 y más años;2022;24
Mujeres;Formentera;65 y más años;2021;9
Mujeres;Ibiza;Total;2023;3.256
Mujeres;Ibiza;Total;2022;3.364
Mujeres;Ibiza;Total;2021;2.792
Mujeres;Ibiza;De 0 a 15 años;2023;366
Mujeres;Ibiza;De 0 a 15 años;2022;364
Mujeres;Ibiza;De 0 a 15 años;2021;319
Mujeres;Ibiza;De 16 a 24 años;2023;431
Mujeres;Ibiza;De 16 a 24 años;2022;441
Mujeres;Ibiza;De 16 a 24 años;2021;280
Mujeres;Ibiza;De 25 a 34 años;2023;957
Mujeres;Ibiza;De 25 a 34 años;2022;959
Mujeres;Ibiza;De 25 a 34 años;2021;684
Mujeres;Ibiza;De 35 a 44 años;2023;696
Mujeres;Ibiza;De 35 a 44 años;2022;769
Mujeres;Ibiza;De 35 a 44 años;2021;603
Mujeres;Ibiza;De 45 a 54 años;2023;433
Mujeres;Ibiza;De 45 a 54 años;2022;429
Mujeres;Ibiza;De 45 a 54 años;2021;422
Mujeres;Ibiza;De 55 a 64 años;2023;217
Mujeres;Ibiza;De 55 a 64 años;2022;241
Mujeres;Ibiza;De 55 a 64 años;2021;233
Mujeres;Ibiza;65 y más años;2023;156
Mujeres;Ibiza;65 y más años;2022;161
Mujeres;Ibiza;65 y más años;2021;251
Mujeres;Mallorca;Total;2023;16.442
Mujeres;Mallorca;Total;2022;16.906
Mujeres;Mallorca;Total;2021;11.053
Mujeres;Mallorca;De 0 a 15 años;2023;2.105
Mujeres;Mallorca;De 0 a 15 años;2022;2.412
Mujeres;Mallorca;De 0 a 15 años;2021;1.490
Mujeres;Mallorca;De 16 a 24 años;2023;2.701
Mujeres;Mallorca;De 16 a 24 años;2022;2.606
Mujeres;Mallorca;De 16 a 24 años;2021;1.708
Mujeres;Mallorca;De 25 a 34 años;2023;3.996
Mujeres;Mallorca;De 25 a 34 años;2022;4.115
Mujeres;Mallorca;De 25 a 34 años;2021;2.416
Mujeres;Mallorca;De 35 a 44 años;2023;3.062
Mujeres;Mallorca;De 35 a 44 años;2022;3.260
Mujeres;Mallorca;De 35 a 44 años;2021;1.998
Mujeres;Mallorca;De 45 a 54 años;2023;2.097
Mujeres;Mallorca;De 45 a 54 años;2022;2.160
Mujeres;Mallorca;De 45 a 54 años;2021;1.437
Mujeres;Mallorca;De 55 a 64 años;2023;1.339
Mujeres;Mallorca;De 55 a 64 años;2022;1.322
Mujeres;Mallorca;De 55 a 64 años;2021;999
Mujeres;Mallorca;65 y más años;2023;1.142
Mujeres;Mallorca;65 y más años;2022;1.031
Mujeres;Mallorca;65 y más años;2021;1.005
Mujeres;Menorca;Total;2023;1.466
Mujeres;Menorca;Total;2022;1.389
Mujeres;Menorca;Total;2021;1.019
Mujeres;Menorca;De 0 a 15 años;2023;188
Mujeres;Menorca;De 0 a 15 años;2022;170
Mujeres;Menorca;De 0 a 15 años;2021;151
Mujeres;Menorca;De 16 a 24 años;2023;245
Mujeres;Menorca;De 16 a 24 años;2022;202
Mujeres;Menorca;De 16 a 24 años;2021;130
Mujeres;Menorca;De 25 a 34 años;2023;333
Mujeres;Menorca;De 25 a 34 años;2022;340
Mujeres;Menorca;De 25 a 34 años;2021;168
Mujeres;Menorca;De 35 a 44 años;2023;278
Mujeres;Menorca;De 35 a 44 años;2022;255
Mujeres;Menorca;De 35 a 44 años;2021;182
Mujeres;Menorca;De 45 a 54 años;2023;185
Mujeres;Menorca;De 45 a 54 años;2022;189
Mujeres;Menorca;De 45 a 54 años;2021;164
Mujeres;Menorca;De 55 a 64 años;2023;136
Mujeres;Menorca;De 55 a 64 años;2022;134
Mujeres;Menorca;De 55 a 64 años;2021;111
Mujeres;Menorca;65 y más años;2023;101
Mujeres;Menorca;65 y más años;2022;99
Mujeres;Menorca;65 y más años;2021;113
